Aff,Neg,Judges,Votes,Result
Princeton ML,Montville SH,"Mitch Barry																																		Temitope Ogundare																																		Wyatt Hatfield","Aff																												Neg																												Aff","2-1																															AFF"
Bronx Science CC,Princeton CB,"Probir Dhara																																		Rachel Elias																																		Balamurugan Saravanan","Neg																												Neg																												Neg","3-0																															NEG"
Bridgewater Raritan VS,CR North SR,"James Grey																																		Iyana Trotman																																		Shikha Jain","Neg																												Aff																												Aff","2-1																															AFF"
Livingston RB,Montville HB,"Eric He																																		Jesse Laitman																																		Maximilian Dittgen","Aff																												Aff																												Aff","3-0																															AFF"
Hunter AI,Byram Hills EW,"Roopali Paranjpe																																		Keith Lo																																		Samantha Zubler","Neg																												Neg																												Aff","2-1																															NEG"
Montville RP,Midtown PH,"Dhaval Patel																																		Gopalakrishnan Thirukallam																																		Carlos Astacio","Aff																												Aff																												Aff","3-0																															AFF"
Bridgewater Raritan AD,Midtown AS,"Tom Speaker																																		Catherine Zheng																																		Justin Chab","Aff																												Neg																												Neg","2-1																															NEG"
Montville NP,CR North MM,"Mary (Lisa) Willoughby																																		Ganapathi Subramanian																																		Jayesh Patel","Aff																												Aff																												Aff","3-0																															AFF"