Aff,Neg,Judges,Votes,Result
Bergen County Academies AK,Strath Haven AM,"Chasia Jeffries																																		Albert Kang																																		Fabrice Etienne","Neg																												Neg																												Aff","2-1																															NEG"
Princeton VC,Durham BG,"Jonah Gentleman																																		Seung Joh Cho																																		Michael Zhou","Aff																												Aff																												Aff","3-0																															AFF"
Princeton CB,Lexington JB,"Joshua StPeter																																		Jalyn Wu																																		Zachary Siegel","Neg																												Neg																												Neg","3-0																															NEG"
Millburn AX,Walt Whitman EY,"Jenn Melin																																		Henry Eberhart																																		Jacob Palmer","Neg																												Aff																												Neg","2-1																															NEG"
Academy Of Classical Christian Studies JM,Catonsville AT,"Kevin Cheng																																		Emily Chan																																		Paresh Chauhan","Neg																												Neg																												Aff","2-1																															NEG"
Harrison JP,Harrison MB,,Harrison MB advances,Harrison MB advances
Summit JC,Samammish LW,"Jayanne Forrest																																		Jonathan Hsu																																		Malachi Ambrose","Aff																												Aff																												Aff","3-0																															AFF"
Scarsdale OL,Harrison AC,"Eric He																																		Micah Thode																																		Faizaan Dossani","Neg																												Aff																												Aff","2-1																															AFF"