Aff,Neg,Judges,Votes,Result
Cooper City NR,Vestavia Hills DS,"Becca Traber																																		Joshua StPeter																																		Sam Larson","Aff																												Aff																												Aff","3-0																															AFF"
Dulles NJ,Memorial SC,"Breigh Plat																																		Holden Bukowsky																																		David Herrera","Neg																												Neg																												Aff","2-1																															NEG"
Lake Highland Prep PS,Westlake MR,"Andrew Qin																																		angela zhong																																		Joseph Georges","Aff																												Neg																												Neg","2-1																															NEG"
Memorial DX,,,,
Northern Valley HS Independent JS,,,,
Southlake Carroll PK,,,,
Dulles VN,,,,
Memorial BD,,,,