Aff,Neg,Judges,Votes,Result
Eden Prairie AG,Eagan AE,"Ki Radcliffe																																		Immanuel Victor																																		Saketh Kotapati","Neg																												Aff																												Aff","2-1																															AFF"
Acton-Boxborough BH,Cary NS,"Rachel Mauchline																																		Jacob Palmer																																		Quentin Clark","Aff																												Aff																												Neg","2-1																															AFF"
OA Independent VM,Westwood AD,"Emmiee Malyugina																																		Joseph Barquin																																		Saianurag Karavadi","Aff																												Aff																												Aff","3-0																															AFF"
Durham BG,Strath Haven AM,"Remington Roy																																		Jack Merkel																																		Eric Tang","Aff																												Neg																												Neg","2-1																															NEG"
Dougherty Valley KZ,Harker AA,"Amelia Ritenour																																		Javier Navarrete																																		Kiarra Broadnax","Aff																												Aff																												Aff","3-0																															AFF"
Colonial Forge SR,Northern Valley HS Independent DN,"Matthew Davis																																		Hugh Thompson																																		Zachary Reshovsky","Neg																												Neg																												Neg","3-0																															NEG"
Mountain View EN,Carmel CSu,"Claire Chen																																		Gordon Krauss																																		Jenni Lee Buckner","Neg																												Neg																												Aff","2-1																															NEG"
Northern Valley HS Independent JS,Unionville PW,"Eva Lamberson																																		Bennett Dombcik																																		Matthew K-M","Neg																												Neg																												Neg","3-0																															NEG"