Aff,Neg,Judges,Votes,Result
Northland Christian Lilly Broussard,Sage Max Perin,"Wyatt Hatfield																																		Joshua Porter																																		Cale McCrary","Neg																												Neg																												Neg","3-0																															NEG"
Strake Jesuit  Zion Dixon,Strake Jesuit  Vail Chen,,Strake Jesuit  Zion Dixon advances,Strake Jesuit  Zion Dixon advances
Strake Jesuit  Jet Sun,Carnegie Vanguard Siddhartha Rana,"Austin Broussard																																		Sreyaash Das																																		Felicity Park","Aff																												Aff																												Neg","2-1																															AFF"
San Mateo Yesh Rao,Memorial Daniel Xu,"Nevin Gera																																		Truman Le																																		Jacob Lugo","Aff																												Aff																												Aff","3-0																															AFF"
Garland Leah Yeshitila,Memorial Ben Duong,"Joseph Georges																																		Sarah Zheng																																		Anthony Joseph","Aff																												Aff																												Aff","3-0																															AFF"
Greenhill Krutin Devesh,Strake Jesuit  Justin Wen,"Tej Gedela																																		Sophie Wilczynski																																		Jugal Amodwala","Neg																												Neg																												Aff","2-1																															NEG"
Plano East Aadit Walia,Dulles Tommy Yu,"Jack Quisenberry																																		Javier Navarrete																																		William Coltzer","Neg																												Neg																												Neg","3-0																															NEG"
Memorial Sebastian Cho,Strake Jesuit  Karan Shah,"David Dosch																																		Breigh Plat																																		Samantha McLoughlin","Neg																												Neg																												Neg","3-0																															NEG"