Aff,Neg,Judges,Votes,Result
Nashua HS South EG,Princeton VC,"Chasia Jeffries																																		Ben Erdmann																																		Anshuman Mishra","Aff																												Aff																												Aff","3-0																															AFF"
Lexington EY,Stuyvesant HJ,"Jonah Gentleman																																		Beth Behrend																																		Jack Daou","Aff																												Aff																												Aff","3-0																															AFF"
Hunter AI,Princeton JG,"Jayesh Patel																																		Javier Hernandez																																		Kayla Graham","Aff																												Aff																												Aff","3-0																															AFF"
Stuyvesant MZ,San Mateo YR,"Andrea Reier																																		T.J. Maher																																		Pratik Shah","Neg																												Neg																												Neg","3-0																															NEG"
Lexington AKo,,,,
Bergen County Academies AK,,,,
Harrison MB,,,,
Lexton TG,,,,