Aff,Neg,Judges,Votes,Result
Lexington AK,Lake Highland Prep AV,"Abhilash Datti																																		Matthew Doggett																																		Josh Gavsie","Neg																												Aff																												Aff","2-1																															AFF"
American Heritage Broward EM,Lexington MS,"Grant Brown																																		Bennett Dombcik																																		Becca Traber","Aff																												Aff																												Aff","3-0																															AFF"
Isidore Newman EE,Unionville AS,"Eric He																																		Daniel Shatzkin																																		Nethmin Liyanage","Aff																												Aff																												Aff","3-0																															AFF"
Lake Highland Prep AB,Murphy Independent AW,"T.J. Maher																																		Jacob Palmer																																		Sierra Romero","Neg																												Neg																												Aff","2-1																															NEG"
Lake Highland Prep PS,Durham SA,"Donny Peters																																		Alex Rivera																																		Jacob Nails","Neg																												Neg																												Neg","3-0																															NEG"
Lexington BF,,,,
Cardinal Gibbons RS,,,,
American Heritage Broward SS,,,,