Aff,Neg,Judges,Votes,Result
Southlake Carroll PK,Immaculate Heart JL,"Nathan Russell																																		Savit Bhat																																		Ben Cortez","Neg																												Aff																												Aff","2-1																															AFF"
Proof DR,Sage Hill MP,"Lawrence Zhou																																		Tarun Ratnasabapathy																																		Gordon Krauss","Neg																												Neg																												Neg","3-0																															NEG"
Monta Vista KR,Plano East Senior RP,"Samantha McLoughlin																																		Ben Cortez																																		Jack Barber","Aff																												Aff																												Aff","3-0																															AFF"
Ayala AM,Immaculate Heart RR,"Samantha McLoughlin																																		Srinidhi Yerraguntala																																		Anish Ramireddy","Neg																												Neg																												Neg","3-0																															NEG"
Sequoia AS,Orange Lutheran AZ,"Annabelle Long																																		Madeleine Conrad-Mogin																																		Nathan Russell","Aff																												Neg																												Aff","2-1																															AFF"
Portola AS,Stockdale GS,"Derek Hilligoss																																		Morgan Copeland																																		Scott Brown","Neg																												Neg																												Neg","3-0																															NEG"
Marlborough WR,Plano East Senior AW,"David Dosch																																		Anish Ramireddy																																		Savit Bhat","Neg																												Neg																												Neg","3-0																															NEG"
Monta Vista RD,Northern Valley HS Independent JS,"Joseph Barquin																																		Tarun Ratnasabapathy																																		Jacob Nails","Neg																												Neg																												Neg","3-0																															NEG"