Aff,Neg,Judges,Votes,Result
Memori DX,Westside SY,"dylan jones																																		Sarah Botsch-McGuinn																																		Holden Bukowsky","Aff																												Aff																												Aff","3-0																															AFF"
CooCit NR,Carnegie Vanguard SR,"Alexander Yoakum																																		Eric Schwerdtfeger																																		Tyler Gamble","Neg																												Neg																												Aff","2-1																															NEG"
Midlot AC,Memori BD,"Fabrice Etienne																																		Avery Wilson																																		Tajaih Robinson","Neg																												Neg																												Neg","3-0																															NEG"
NewSmi SJ,Sidwel SW,"River Cook																																		Gabby Lea																																		Tajaih Robinson","Neg																												Neg																												Neg","3-0																															NEG"
Greenh JW,Strake JX,"Tyler Garrett																																		Isaac Chao																																		Isaiah Salgado","Neg																												Neg																												Neg","3-0																															NEG"
Dulles VN,Carnegie Vanguard LH,"Arun Mehra																																		Joseph Georges																																		Holden Bukowsky","Aff																												Aff																												Aff","3-0																															AFF"
Strake Jesuit  JK,Strake Jesuit  JW,,Strake Jesuit  JK advances,Strake Jesuit  JK advances
Strake MS,Strake Jesuit  VM,,Strake Jesuit  VM advances,Strake Jesuit  VM advances