Aff,Neg,Judges,Votes,Result
Lexington AT,Strath Haven AM,"Joshua StPeter																																		Lawrence Zhou																																		Samantha McLoughlin","Neg																												Neg																												Aff","2-1																															NEG"
Dulles TY,Lexington BF,"Joseph Georges																																		Fabrice Etienne																																		Isabella Crockett","Aff																												Neg																												Neg","2-1																															NEG"
Evergreen Valley Independent SS,Southlake Carroll EPi,"Derek Ying																																		Jonathan Meza																																		Maxine Adams","Aff																												Aff																												Aff","3-0																															AFF"
Prospect ST,Lexington JB,"Braedon Kirkpatrick																																		Austin Broussard																																		Tajaih Robinson","Neg																												Aff																												Aff","2-1																															AFF"
Saratoga AG,Harker AS,"Patrick Fox																																		Jacob Nails																																		Mia Berman","Neg																												Aff																												Neg","2-1																															NEG"
Byram Hills AK,Park City NL,"Chris Castillo																																		Jenn Melin																																		Jeong-Wan Choi","Neg																												Neg																												Aff","2-1																															NEG"
Strake Jesuit  JW,Mission San Jose SS,"Victor Chen																																		Rex Evans																																		Shweta Kondapi","Aff																												Aff																												Neg","2-1																															AFF"
DTHS HV,Isidore Newman EE,"Aryan Jasani																																		Collin Smith																																		Lila Lavender","Aff																												Aff																												Aff","3-0																															AFF"