Aff,Neg,Judges,Votes,Result
Lakeville South KK,Solebury LM,"Dr Marian Hendrickson																																		David McGinnis																																		Jesse Nguyen","Aff																												Neg																												Neg","2-1																															NEG"
Lincoln East LZ,West Des Moines Valley RT,"Aaron Haake																																		Colten White																																		Jacob Moore","Aff																												Neg																												Neg","2-1																															NEG"
Southlake Carroll SD,Lincoln North Star JH,"Fred Robertson																																		Madelyn Moen																																		Matt Casas","Aff																												Neg																												Neg","2-1																															NEG"
Lincoln East EB,Millard North NL,"Chasity Hance																																		Jack Tomsu																																		Jake Merkley","Neg																												Aff																												Neg","2-1																															NEG"
Lincoln Southwest KP,Charlotte Latin EL,"Emily Atamov																																		John Holen																																		Will Sippel","Aff																												Aff																												Aff","3-0																															AFF"
West Des Moines Valley JS,Lincoln East JZ,"Alex Goswami																																		emma sorrell																																		Azza Elhaj","Aff																												Neg																												Aff","2-1																															AFF"
Overlake GH,Delphian CC,"Anand Rao																																		Seung Joh Cho																																		ian matuszeski","Aff																												Aff																												Aff","3-0																															AFF"
West Des Moines Valley MM,Colonial Forge SR,"Cammie Soderquist																																		Jordan Berry																																		Amy Nyberg","Neg																												Aff																												Neg","2-1																															NEG"