Aff,Neg,Judges,Votes,Result
Scarsdale DH,Lexington VM,"Jack McKyton																																		Kyle Kopf																																		Conal Thomas-McGinnis","Neg																												Neg																												Neg","3-0																															NEG"
West Des Moines Valley SJ,Eden Prairie AG,"Kaya Czyz																																		Mark Kivimaki																																		Kate Totz","Aff																												Aff																												Neg","2-1																															AFF"
Prospect ST,West Des Moines Valley RT,"Jeong-Wan Choi																																		Lawrence Zhou																																		Curtis Chang","Aff																												Aff																												Aff","3-0																															AFF"
Coppell HA,Apple Valley NB,"Christopher Vincent																																		Kaija Snyder																																		Carlos Astacio","Aff																												Aff																												Neg","2-1																															AFF"
Lexington BF,Lexington AG,,Lexington BF advances,Lexington BF advances
Charlotte Latin EL,Eagan AE,,"Aff FFT																									Neg BYE","Aff FFT																									Neg BYE"
Byram Hills AK,Rosemount CP,"Sasha Belashchenko																																		Matthew K-M																																		Devin Hernandez","Neg																												Aff																												Aff","2-1																															AFF"
Scarsdale BS,Westwood PM,"Sam Anderson																																		Jacob Nails																																		Mike Girouard","Neg																												Neg																												Neg","3-0																															NEG"