Aff,Neg,Judges,Votes,Result
Carnegie Vanguard SR,Lexington VM,"Abhilash Datti																																		Javier Navarrete																																		Kristen Arnold","Neg																												Aff																												Neg","2-1																															NEG"
Lexington BF,Lexington AG,,Lexington BF advances,Lexington BF advances
Lexington AT,American Heritage Broward MC,"Amadea Datel																																		Sreyaash Das																																		David Herrera","Aff																												Aff																												Aff","3-0																															AFF"
Prospect ST,Lake Highland Prep ArVe,"James Stuckert																																		Ayush Saha																																		Rohith Sudhakar","Neg																												Neg																												Neg","3-0																															NEG"
Strake Jesuit  KS,Cardinal Gibbons RS,"Raunak Dua																																		Lukas Krause																																		Samantha McLoughlin","Aff																												Aff																												Neg","2-1																															AFF"
Park City NL,Strake Jesuit  VM,"Jeong-Wan Choi																																		Sabrina Callahan																																		Rohit Lakshman","Neg																												Neg																												Neg","3-0																															NEG"
Southlake Carroll SD,Strake Jesuit  JW,"Tej Gedela																																		Matthew Berhe																																		Meera Sehgal","Neg																												Neg																												Neg","3-0																															NEG"
Strake Jesuit  NW,Lake Highland Prep AB,"Breigh Plat																																		Sam Cogen																																		Tajaih Robinson","Aff																												Aff																												Neg","2-1																															AFF"