Aff,Neg,Judges,Votes,Result
Trinity Prep JC,Notre Dame San Jose AG,"Yoyo Lei																																		Carlos Astacio																																		Lawson Hudson","Neg																												Neg																												Neg","3-0																															NEG"
Charlotte Latin ELi,Harrison AC,"Austin Broussard																																		Margo Batha																																		Elise Matton","Aff																												Neg																												Aff","2-1																															AFF"
Colonial Forge SR,Shady Side NP,"David Vines																																		Chelsea Fang																																		Tara McLellan","Neg																												Aff																												Neg","2-1																															NEG"
Cary CP,Charlotte Latin EL,"Amber Brooks																																		Colter Heirigs																																		Reid Broughton","Aff																												Aff																												Aff","3-0																															AFF"
Cary NS,Cary JR,"Sarah Nicoll																																		Bilal Butt																																		Samantha Fritz","Aff																												Neg																												Aff","2-1																															AFF"
Edgemont Junior-Senior AA,,,,
Hawken EB,,,,
Mountain View EN,,,,