Aff,Neg,Judges,Votes,Result
Iowa City West JS,Lincoln East BH,"Carly Rieger																																		Richard Shmikler																																		Breigh Plat","Aff																												Aff																												Aff","3-0																															AFF"
West Des Moines Valley SJ,Cypress Bay ZR,"Nathan Frenkel																																		Krishna Agrawal																																		Varad Agarwala","Aff																												Aff																												Aff","3-0																															AFF"
Solebury LM,West Des Moines Valley JS,"Pratham Soni																																		Sam Larson																																		Carly Persell","Aff																												Neg																												Aff","2-1																															AFF"
Rosemount CP,Eagan AE,"Kyle Kopf																																		Cati Kalinoski																																		Alex Baez","Neg																												Neg																												Neg","3-0																															NEG"
Samammish LW,Lincoln North Star JH,"Katherine Bleth																																		Brixz Gonzaba																																		Garrett Bishop","Aff																												Aff																												Neg","2-1																															AFF"
Iowa City West NW,,,,
West Des Moines Valley AM,,,,
McNeil AG,,,,