School,Location,Entry,Code,Status
Acton-Boxborough,MA,Advikar Ananthkumar,Acton-Boxborough AA,
Acton-Boxborough,MA,Alexander Li,Acton-Boxborough AL,
Apex Friendship,NC,Aurea Michael,Apex Friendship AM,
Apex Friendship,NC,Elizabeth Matson,Apex Friendship EM,
Ardrey Kell,NC,Pratham Ingale,Ardrey Kell PI,
Ardrey Kell,NC,Santosh Gontla,Ardrey Kell SG,
Bergen County Academies,NJ/US,Andrew Kim,Bergen County Academies AK,
Byram Hills,NY,Eleanor Wangensteen,Byram Hills EW,
Cape Fear,NC/US,Katherine Meine,Cape Fear KM,
Cape Fear,NC/US,Nash Riebe,Cape Fear NR,
Cary Acad,NC/US,Bryan Fang,Cary BF,
Charlotte Latin,NC/US,Alaric Pan,Charlotte Latin AP,
Charlotte Latin,NC/US,Evan Li,Charlotte Latin EL,
Colonial Forge,VA/US,Sebastian Rao,Colonial Forge SR,
Colorado,CO/US,Clare Milligan,Colorado CM,
Colorado,CO/US,Owen Tilman,Colorado OT,
Desert Vista,AZ/US,Gabrielle Vines,Desert Vista GV,
Durham,NC/US,Aadesh Anchailya,Durham AA,
Durham,NC/US,Bohan Gao,Durham BG,
Durham,NC/US,Jacob Hornstein,Durham JH,
Durham,NC/US,MacKenna Morris,Durham MM,
Durham,NC/US,Robert Liu,Durham RL,
Durham,NC/US,Sachin Aggarwal,Durham SA,
Durham,NC/US,Zihan Gao,Durham ZG,
Edgemont,NY,Avik Agarwal,Edgemont Junior-Senior AA,
Edgemont,NY,Anuj Jain,Edgemont Junior-Senior AJ,
Harrison,NY,Elizabeth Murno,Harrison EM,
Harrison,NY,Jessie Pein,Harrison JP,
Harrison,NY,Thomas Berg,Harrison TB,
Holy Trinity Episcopal,FL/US,Braxton Lanois,Holy Trinity Episcopal BL,
Kenston,OH,Ella Jewell,Kenston EJ,
Lake Highland Prep,FL/US,Suchita Vennam,Lake Highland Prep SV,
Laurel,OH,Kaitlyn Ernst,Laurel KE,
Laurel,OH,Maggie Chen,Laurel MC,
Lexington,MA/US,Aanya Ghosh,Lexington AG,
Lexington,MA/US,Amy Ma,Lexington AM,
Lexington,MA/US,Aurora Wang,Lexington AW,
Lexington,MA/US,Feodor Morozov,Lexington FM,
Milton Acad,MA/US,Andrew Tsang,Milton AT,
Montville,NJ/US,Angeline Agnel,Montville AA,
Montville,NJ/US,Aarav Mulinti,Montville AM,
Montville,NJ/US,Havish Boda,Montville HB,
Montville,NJ/US,Nilay Patel,Montville NP,
Myers Park,NC/US,Ben Jones,Myers Park BJ,
Myers Park,NC/US,Charles Euripides,Myers Park CE,
Neenah,WI/US,Isabel Hoffman,Neenah IH,
Olympia,FL/US,Bryce Ownby,Olympia BO,
Olympia,FL/US,Omar Elsakhawy,Olympia OE,
Ramsay,AL/US,Donovan Frazier,Ramsay DF,
Ridge,NJ,Logan Aviles,Ridge LA,
Salado,TX/US,Hunter Foster,Salado HF,
Scripps Ranch,CA/US,Agastya Sridharan,Scripps Ranch AS,
Westford,MA/US,Angela Wang,Westford AW,
Woodrow Wilson,DC/US,Chris O'Brien,Woodrow Wilson CO,
Woodrow Wilson,DC/US,Talia Ehrenberg,Woodrow Wilson TE,