Aff,Neg,Judge,Result,"Aff								Points","Neg								Points"
Wenatchee JK,Syosset LG,Ronak Ahuja,Aff,29,29
Dulles VN,Presentation NR,Diana Alvarez,Aff,28,28
Strake Jesuit  JW,Westwood AD,Scott Brown,Aff,28,28
Strake Jesuit  MS,Evergreen Valley Independent SS,Holden Bukowsky,Neg,28,29
Taft EL,Carnegie Vanguard LH,Ben Cortez,Aff,28,28
Carnegie Vanguard SR,Dulles RZ,Sreyaash Das,Aff,30,29
Southlake Carroll EP,Millard North Independents JS,Danielle Dosch,Aff,29,28
Midlothian AC,San Mateo YR,Tej Gedela,Neg,28,29
Aragon ZA,Sam Barlow EL,Jonah Gentleman,Neg,29,29
Silver Creek KZ,King CP,Joseph Georges,Neg,29,29
Indepedent WW,Peninsula CS,Derek Hilligoss,Aff,28,28
BASIS Independent Silicon Valley Independent SK,Vestavia Hills GJ,Alyssa Hooks,Neg,28,29
Strake Jesuit  NW,Sammamish Independent LW,Dylan Jones,Aff,29,29
OA Independent DM,Immaculate Heart RR,Gordon Krauss,Neg,27,29
Southlake Carroll PK,Immaculate Heart BC,Julian Kuffour,Neg,29,29
Scripps Ranch AS,Vestavia Hills DS,Michael Kurian,Aff,30,29
Strake Jesuit  KS,Harrison AA,Truman Le,Neg,29,29
Dulles JL,Peninsula AB,Richard Li,Aff,29,28
Harvard-Westlake IC,Bishop's SR,Nethmin Liyanage,Aff,29,29
Peninsula BD,Harvard-Westlake MT,Lena Mizrahi,Aff,29,29
Dulles NJ,Kenston EJ,Javier Navarrete,Aff,29,29
Troy Independent AP,Harvard-Westlake OF,Donny Peters,Neg,28,28
Memorial BD,Portola AS,Abhishek Rao,Neg,29,29
Harvard-Westlake AW,Strake Jesuit  DA,Ishan Rereddy,Neg,28,29
Princeton Independent JG,Southlake Carroll AS,Joshua Michael,Neg,28,28
West Ranch SV,OA Independent VD,Yardley Rosas,Aff,29,28
Peninsula RM,Immaculate Heart AW,Nathan Russell,Aff,29,28
Memorial SC,Princeton Independent DR,Phoenix Pittman,Aff,30,29
Brookfield East DJ,Bergen County Academies AK,Abhinav Sinha,Neg,28,29
Westwood BJ,Memorial DX,James Stuckert,Neg,29,29
Syosset AH,St Croix Prep ADe,Jared Croitoru,Neg,26,30
Marlborough JH,Immaculate Heart SS,Asher Towner,Neg,28,29
Perry JA,Eden Prairie AG,Jalyn Wu,Aff,29,29
McNeil AG,Plano East JN,Ronak Ahuja,Aff,29,29
Ayala AM,Catonsville AT,Jason Lan,Aff,29,29
Millard North Independents NL,McNeil SC,Holden Bukowsky,Aff,29,28
Lynbrook MD,Mountain View EN,Ben Cortez,Neg,28,29
Sage MP,Strake Jesuit  EP,Sreyaash Das,Aff,30,29
Plano East AW,Solebury LN,Danielle Dosch,Aff,29,28
Peninsula EL,Diamond Bar NC,Tej Gedela,Neg,28,29
ModernBrain AK,Strake Jesuit  JX,Jonah Gentleman,Neg,29,30
Prospect ST,Saratoga AG,Joseph Georges,Neg,29,29
Marlborough ML,Peninsula SM,Derek Hilligoss,Aff,29,29
Strake Jesuit  JK,Sidwell SW,Dylan Jones,Neg,29,30
Marlborough AW,Dwight-Englewood EK,Gordon Krauss,Neg,28,28
Bishop's AC,Westwood JC,Julian Kuffour,Neg,29,29
St Croix Prep AD,Millard North Independents YL,Michael Kurian,Neg,28,29
Plano East NG,Acton-Boxborough BH,Truman Le,Aff,29,28
Immaculate Heart JL,Harvard-Westlake JH,Richard Li,Aff,30,30
OA Independent VM,Harvard-Westlake CC,,"Aff BYE																									Neg FFT","Aff BYE																									Neg FFT",
Orange Lutheran AZ,Harvard-Westlake EJ,Lena Mizrahi,Aff,29,29
Byram Hills AK,Dulles TY,Javier Navarrete,Neg,29,29
Harvard-Westlake NL,Stockdale RP,Donny Peters,Neg,28,28
Proof DR,Solebury LM,Abhishek Rao,Neg,29,29
Yerba Buena KN,Harrison AC,Ishan Rereddy,Aff,29,30
LNU RN,Academy of Higher Learning JM,Claudia Ribera,Neg,28,29
Sequoia AS,LNU PD,Nathan Russell,Aff,29,28
St Agnes EH,Strake Jesuit  JS,Connor Self,Neg,29,29
Tays KM,Academy Of Classical Christian Studies JM,Abhinav Sinha,Neg,28,28
Lynbrook SM,Marlborough RJ,Asher Towner,Aff,29,28
Southlake Carroll SD,,,,,