Aff,Neg,Judge,Result,"Aff								Points","Neg								Points"
Dulles JL,Strake Jesuit  JS,Eric Endsley,Neg,28,29
Harrison AA,Silver Creek KZ,Diana Alvarez,Aff,29,28
Presentation NR,St Croix Prep ADe,Albert Cardenas,Aff,29,28
Yerba Buena KN,Plano East AW,Chris Castillo,Neg,29,29
Southlake Carroll PK,Millard North Independents NL,Cameron Lange,Neg,28,29
Immaculate Heart AW,Carnegie Vanguard SR,Brett Cryan,Neg,29,29
Dulles TY,Diamond Bar NC,Joshua StPeter,Aff,29,30
Southlake Carroll SD,Ayala AM,David Dosch,Neg,29,29
Harvard-Westlake OF,OA Independent DM,Yardley Rosas,Aff,29,28
Immaculate Heart JL,McNeil AG,Chris Castillo,Aff,29,29
San Mateo YR,Portola AS,Joseph Georges,Aff,30,30
Harvard-Westlake IC,Sidwell SW,,BYE,,
Plano East NG,Sammamish Independent LW,Derek Hilligoss,Aff,30,29
Bishop's SR,LNU PD,Dava�Ad Salazar,Aff,29,30
Perry JA,Southlake Carroll AS,Lucas Hunter,Aff,29,28
Vestavia Hills GJ,Catonsville AT,Aryan Jasani,Aff,30,30
Princeton Independent JG,Memorial BD,Arjan Kang,Neg,29,30
Taft EL,Immaculate Heart SS,Gordon Krauss,Neg,28,29
Strake Jesuit  JW,Scripps Ranch AS,Abhinav Sinha,Aff,29,29
ModernBrain AK,Saratoga AG,Michael Kurian,Neg,29,30
Plano East JN,St Agnes EH,Sam Larson,Aff,28,28
Sage MP,Strake Jesuit  JX,Truman Le,Neg,29,30
Wenatchee JK,Orange Lutheran AZ,Richard Li,Neg,30,30
Southlake Carroll EP,Sequoia AS,Lena Mizrahi,Neg,29,29
St Croix Prep AD,Syosset AH,Joshua Michael,Neg,28,28
Academy of Higher Learning JM,Vestavia Hills DS,Phoenix Pittman,Neg,27,29
Immaculate Heart BC,Dulles RZ,Abhishek Rao,Neg,29,29
Strake Jesuit  NW,Tays KM,Ishan Rereddy,Aff,29,29
West Ranch SV,Millard North Independents YL,Claudia Ribera,Aff,29,29
Dulles VN,Peninsula CS,Nathan Russell,Neg,29,29
Memorial DX,Evergreen Valley Independent SS,Connor Self,Aff,30,30
Sam Barlow EL,Solebury LN,Yardley Rosas,Aff,29,29
Dwight-Englewood EK,Byram Hills AK,James Stuckert,Neg,28,29
Peninsula RM,Memorial SC,Neville Tom,Aff,29,28
Kenston EJ,Marlborough RJ,Andrew Torrez,Aff,28,28
OA Independent VD,Harvard-Westlake EJ,Brixz Gonzaba,Aff,29,29
Harrison AC,Brookfield East DJ,Joshua Michael,Aff,28,28
Westwood BJ,Dulles NJ,Diana Alvarez,Aff,29,29
Strake Jesuit  EP,Troy Independent AP,Eric Endsley,Aff,29,28
Proof DR,Stockdale RP,Brett Cryan,Aff,29,28
Harvard-Westlake AW,Strake Jesuit  JK,Aryan Jasani,Neg,29,30
Eden Prairie AG,Westwood AD,Andrew Torrez,Aff,29,29
Marlborough AW,Bishop's AC,David Dosch,Neg,28,29
King CP,Marlborough JH,Alyssa Hooks,Neg,30,30
Solebury LM,Bergen County Academies AK,Joseph Georges,Neg,29,29
Peninsula BD,Lynbrook SM,Nathan Russell,Neg,29,29
Harvard-Westlake JH,Aragon ZA,Gordon Krauss,Aff,28,28
Immaculate Heart RR,Marlborough ML,Lucas Hunter,Aff,29,29
BASIS Independent Silicon Valley Independent SK,Carnegie Vanguard LH,Michael Kurian,Aff,30,29
Lynbrook MD,Strake Jesuit  MS,Truman Le,Neg,28,29
LNU RN,Peninsula EL,Wyatt Hatfield,Neg,28,28
Acton-Boxborough BH,Peninsula SM,Lena Mizrahi,Aff,29,29
Strake Jesuit  DA,OA Independent VM,Abhishek Rao,Neg,29,29
Harvard-Westlake NL,Indepedent WW,Ishan Rereddy,Neg,28,29
Syosset LG,Westwood JC,Claudia Ribera,Neg,29,29
Peninsula AB,Millard North Independents JS,Sohum Tiwary,Neg,28,28
Strake Jesuit  KS,Prospect ST,Connor Self,Aff,30,30
Midlothian AC,Harvard-Westlake MT,Joshua StPeter,Aff,28,28
Princeton Independent DR,McNeil SC,James Stuckert,Aff,29,29
Mountain View EN,Academy Of Classical Christian Studies JM,Neville Tom,Neg,28,29
