Aff,Neg,Judges,Votes,Result
Mission San Jose SS,Strake Jesuit  ZD,"Joseph Barquin																																		River Cook																																		Jonathan Meza","Neg																												Neg																												Aff","2-1																															NEG"
Strake Jesuit  JS,Eden Prairie AG,"Diana Alvarez																																		Shampurna Mitra																																		Madeleine Conrad-Mogin","Aff																												Aff																												Aff","3-0																															AFF"
Strake Jesuit  KS,Southlake Carroll SD,"River Cook																																		Conal Thomas-McGinnis																																		David McGinnis","Aff																												Aff																												Neg","2-1																															AFF"
Plano East RP,Appleton North MU,"parth misra																																		Yoyo Lei																																		Chris Castillo","Aff																												Aff																												Aff","3-0																															AFF"
West Des Moines Valley SJ,Marlborough WR,"Sam Larson																																		Andrew Torrez																																		Shampurna Mitra","Aff																												Aff																												Aff","3-0																															AFF"
Sequoia AS,Harker RT,"Andrew Halverson																																		Madeleine Conrad-Mogin																																		Chris Castillo","Aff																												Aff																												Aff","3-0																															AFF"
Mission San Jose SR,Harvard-Westlake AL,"Joseph Barquin																																		Nick Fleming																																		Yardley Rosas","Aff																												Aff																												Aff","3-0																															AFF"
Portola AS,Stockdale GS,"Claudia Ribera																																		Yoyo Lei																																		Nick Fleming","Neg																												Aff																												Neg","2-1																															NEG"