Aff,Neg,Judge,Result,"Aff								Points","Neg								Points"
Laurel KE,Harrison EM,Rakesh Ajmera,Aff,30,30
Neenah IH,Lexington AG,Srinath Alapati,Neg,27,27
Durham RL,Harrison JP,Vicki Balzer,Aff,28,28
Cary BF,Myers Park BJ,X Braithwaite,Aff,28,28
Holy Trinity Episcopal BL,Lexington AM,Kiarra Broadnax,Neg,29,29
Scripps Ranch AS,Ridge LA,Carol Chung,Aff,29,28
Westford AW,Montville HB,Anthony Cui,Aff,29,28
Myers Park CE,Woodrow Wilson TE,Liz Meine,Aff,29,29
Montville NP,Apex Friendship AM,Antonio Gomez,Aff,27,26
Byram Hills EW,Charlotte Latin EL,Eric He,Neg,30,30
Colorado CM,Laurel MC,Anwen He,Neg,28,28
Kenston EJ,Woodrow Wilson CO,Callie Ham,Aff,29,29
Durham ZG,Edgemont Junior-Senior AA,Randall Martinez,Neg,28,28
Durham SA,Bergen County Academies AK,Eva Lamberson,Neg,28,29
Ardrey Kell PI,Cape Fear KM,Wei Li,Neg,28,29
Salado HF,Durham JH,Nethmin Liyanage,Aff,29,26
Ramsay DF,Colonial Forge SR,Zach Perry,Neg,28,30
Charlotte Latin AP,Durham BG,Anand Rao,Aff,29,29
Montville AA,Durham MM,Daniel Shatzkin,Aff,29,28
Colorado OT,Harrison TB,Chasia Jeffries,Neg,29,28
Lexington FM,Olympia BO,Jacob Palmer,Neg,28,28
Montville AM,Acton-Boxborough AA,Tajaih Robinson,Neg,28,29
Acton-Boxborough AL,Cape Fear NR,Kaija Snyder,Aff,28,28
Edgemont Junior-Senior AJ,Milton AT,Conal Thomas-McGinnis,Aff,30,29
Olympia OE,Lake Highland Prep SV,Zaid Umar,Neg,28,29
Desert Vista GV,Lexington AW,Jake Vigeant,Aff,29,29
Durham AA,Ardrey Kell SG,Stephan Voudris,Aff,29,29
,Apex Friendship EM,,Neg BYE,Neg BYE,