Aff,Neg,Judges,Votes,Result
Strake Jesuit  VC,Garland LY,"Sreyaash Das																																		Sam Larson																																		allison aldridge","Aff																												Neg																												Neg","2-1																															NEG"
Scarsdale KS,Lexington BF,"Grant Brown																																		Becca Traber																																		Wyatt Hatfield","Neg																												Neg																												Neg","3-0																															NEG"
Plano East AW,Strake Jesuit  MS,"Dylan Jones																																		Blake Andrews																																		Favian Sun","Aff																												Neg																												Aff","2-1																															AFF"
Memorial DX,San Mateo YR,"Chris Castillo																																		Joseph Georges																																		Jayanne Forrest","Neg																												Neg																												Aff","2-1																															NEG"
Plano East JN,Strake Jesuit  KS,"Annie Wang																																		Truman Le																																		Holden Bukowsky","Neg																												Aff																												Aff","2-1																															AFF"
Westwood AR,Dulles TY,"James Stuckert																																		T.J. Maher																																		Samantha McLoughlin","Neg																												Neg																												Neg","3-0																															NEG"
Strake Jesuit  ZD,Strake Jesuit  DLe,,Strake Jesuit  ZD advances,Strake Jesuit  ZD advances
Strake Jesuit  NW,Strake Jesuit  JWe,,Strake Jesuit  JWe advances,Strake Jesuit  JWe advances