Aff,Neg,Judges,Votes,Result
Scripps Ranch AS,Lake Highland Prep SV,"Callie Ham																																		Jonathan Hsu																																		Jacob Palmer","Aff																												Aff																												Aff","3-0																															AFF"
Colonial Forge SR,Holy Trinity Episcopal BL,"Chasia Jeffries																																		Daniel Shatzkin																																		Conal Thomas-McGinnis","Neg																												Aff																												Aff","2-1																															AFF"
Byram Hills EW,Durham AA,"Wei Li																																		Brendon Morris																																		Kaija Snyder","Neg																												Aff																												Aff","2-1																															AFF"
Kenston EJ,Edgemont Junior-Senior AA,"Eric He																																		Eileen Liu																																		Anthony Cui","Neg																												Neg																												Neg","3-0																															NEG"
Ridge LA,Milton AT,"Tara McLellan																																		Anand Rao																																		Zaid Umar","Aff																												Neg																												Neg","2-1																															NEG"
Durham JH,Salado HF,"Eva Lamberson																																		Anthony Survance																																		Badri Raghavan","Neg																												Neg																												Neg","3-0																															NEG"
Edgemont Junior-Senior AJ,Olympia OE,"Grant Brown																																		Katie Dunn																																		X Braithwaite","Aff																												Neg																												Neg","2-1																															NEG"
Lexington AM,Lexington AG,,Lexington AM advances,Lexington AM advances