Aff,Neg,Judges,Votes,Result
Strake Diego Arcos,McNeil Anshul Gulati,"Truman Le																																		Nelson Okunlola																																		Patrick Fox","Neg																												Aff																												Neg","2-1																															NEG"
Westwo Eric Gao,Strake Vratin Mankidy,"Breigh Plat																																		Isaac Chao																																		Nathan Rothenbaum","Neg																												Neg																												Neg","3-0																															NEG"
Strake Zion Dixon,,,,
SanDay William Walker,,,,
Strake Vail Chen,,,,
Strake Michael Stuckert,,,,
Strake Evan Proctor,,,,
Westwo Anoop Rachakonda,,,,
Strake Justin Wen,,,,
Strake Jarvis Xie,,,,
Strake Karan Shah,,,,
Strake Jet Sun,,,,
Strake Daniel Lee,,,,
Strake Rushil Chetty,,,,
Westwo Pranav Medikonduru,,,,
ClaTay Abhived Pulapaka,,,,