Aff,Neg,Judges,Votes,Result
Strake Zion Dixon,Strake Vratin Mankidy,,Strake Zion Dixon advances,Strake Zion Dixon advances
Strake Justin Wen,McNeil Anshul Gulati,"Truman Le																																		River Cook																																		Patrick Fox","Aff																												Aff																												Aff","3-0																															AFF"
Strake Jarvis Xie,Westwo Anoop Rachakonda,"Nelson Okunlola																																		Breigh Plat																																		Nathan Rothenbaum","Aff																												Neg																												Neg","2-1																															NEG"
Strake Karan Shah,Strake Evan Proctor,,Strake Karan Shah advances,Strake Karan Shah advances
Strake Jet Sun,Strake Michael Stuckert,,Strake Michael Stuckert advances,Strake Michael Stuckert advances
Strake Daniel Lee,Strake Vail Chen,,Strake Daniel Lee advances,Strake Daniel Lee advances
SanDay William Walker,Strake Rushil Chetty,"Cale McCrary																																		Blake Ochoa																																		Davina Le","Aff																												Neg																												Aff","2-1																															AFF"
Westwo Pranav Medikonduru,ClaTay Abhived Pulapaka,"rema bhat																																		Ralph Anderson																																		Zaarah Azad","Neg																												Neg																												Aff","2-1																															NEG"