Institution,Location,Entry,Code,Mode,Status,Record
Acton-Boxborough,MA/US,Shang & Ebbin,Acton-Boxborough ES,0,,
Acton-Boxborough,MA/US,Gollapudi & Sivasenthil,Acton-Boxborough GS,0,,
Acton-Boxborough,MA/US,Kozlov & Eadala,Acton-Boxborough KE,0,,
Acton-Boxborough,MA/US,Liu & Li,Acton-Boxborough LL,0,,
Acton-Boxborough,MA/US,Misro & Ji,Acton-Boxborough MJ,0,,
Acton-Boxborough,MA/US,Narra & Shroff,Acton-Boxborough NS,0,,
Acton-Boxborough,MA/US,Senani & Vatsa,Acton-Boxborough SV,0,,
Acton-Boxborough,MA/US,Tang & Garg,Acton-Boxborough TG,0,,
Arlington,MA/US,Burke & Atherton,Arlington BA,0,,
Arlington,MA/US,Lay & Carman,Arlington LC,0,,
Arlington,MA/US,Potere & Zaganjori,Arlington PZ,0,,
Arlington,MA/US,Zhou & Ryu,Arlington ZR,0,,
Bronx Science,NY/US,Akella & Emery,Bronx Science AE,0,,
Bronx Science,NY/US,Branch & Isaacs,Bronx Science BI,0,,
Bronx Science,NY/US,Comisarow & Croft,Bronx Science CC,0,,
Bronx Science,NY/US,Leem & Pasman,Bronx Science LP,0,,
Bronx Science,NY/US,Lowell & Treinkman,Bronx Science LT,0,,
Bronx Science,NY/US,Malyukova & Rempe-Hiam,Bronx Science MR,0,,
Bronx Science,NY/US,Tan & Tsao,Bronx Science TT,0,,
Brooklyn Technical,NY/US,Jones & Banik,Brooklyn Technical BJ,0,,
Brooklyn Technical,NY/US,Hetnarine & Taormina,Brooklyn Technical HT,0,,
Brooklyn Technical,NY/US,Zhang & Persad,Brooklyn Technical PZ,0,,
Brooklyn Technical,NY/US,Sauer & Banner,Brooklyn Technical SB,0,,
Brooklyn Technical,NY/US,Sarcos & Johnson,Brooklyn Technical SJ,0,,
Brooklyn Technical,NY/US,Urban & Kakumanu,Brooklyn Technical UK,0,,
Byram Hills,NY/US,Bobra & Tardieu,Byram Hills BT,0,,
Byram Hills,NY/US,Coady & Cai,Byram Hills CC,0,,
Byram Hills,NY/US,Chowallur & Weil,Byram Hills CW,0,,
Byram Hills,NY/US,Dantu & Ghelarducci,Byram Hills GD,0,,
Cambridge Rindge and Latin,MA/US,MacDougall & Ristivojevic,Cambridge Rindge and Latin RM,0,,
Chapin,NY/US,Gooden & Yi,Chapin GY,0,,
Chapin,NY/US,Khaliq & Reddy,Chapin KR,0,,
Chapin,NY/US,Nussbaum & Kahn,Chapin NK,0,,
Chapin,NY/US,Spence & Trinh,Chapin ST,0,,
Columbia Secondary COMPASS,NY/US,Authers & Doumbouya,Columbia Secondary COMPASS AD,0,,
CR North,PA/US,Kapure & Vatsya,CR North KV,0,,
Dalton,NY/US,Fogelman & Schaaf,Dalton FS,0,,
Dalton,NY/US,Hale & Salazar,Dalton HS,0,,
Delbarton,NJ/US,Caravello & Amin,Delbarton CA,0,,
Delbarton,NJ/US,Hosler & Dufner,Delbarton HD,0,,
Delbarton,NJ/US,Leidl & Kapp,Delbarton LK,0,,
Delbarton,NJ/US,Thomas & Thomas,Delbarton TT,0,,
Horace Mann,NY/US,Chang & Yao,Horace Mann CY,0,,
Horace Mann,NY/US,Gupta & Scheinfeld,Horace Mann GS,0,,
Horace Mann,NY/US,Krikorian & Ergin,Horace Mann KE,0,,
Horace Mann,NY/US,Mandelli-Valla & Park,Horace Mann MP,0,,
Horace Mann,NY/US,Park & Ji,Horace Mann PJ,0,,
Horace Mann,NY/US,Subramanian & Pande,Horace Mann SP,0,,
Horace Mann,NY/US,Venkateswaran & Shah,Horace Mann VS,0,,
Kinkaid,TX/US,Zhou & Cai,Kinkaid ZC,0,,
Lincoln-Sudbury,MA/US,Khan & Chen,Lincoln-Sudbury KC,0,,
McDowell,PA/US,Shankar & Deventhira-Raja,McDowell DS,0,,
McDowell,PA/US,Negron & Rastatter,McDowell NR,0,,
Newton North,MA/US,Zheng & Aneja,Newton North ZA,0,,
Newton South,MA/US,Choudhury & Yee,Newton South CY,0,,
Newton South,MA/US,Dalzell & Miller,Newton South DM,0,,
Newton South,MA/US,Kapoor & Thomas,Newton South KT,0,,
Newton South,MA/US,Lock & Scheufele,Newton South LS,0,,
Newton South,MA/US,Lu & Song,Newton South SL,0,,
Newton South,MA/US,Shraytah & Ziv Petreanu,Newton South SZ,0,,
Newton South,MA/US,Telio & Brown,Newton South TB,0,,
Newton South,MA/US,Tendulkar & Pang,Newton South TP,0,,
Newton South,MA/US,Xiao & Wang,Newton South XW,0,,
NSU,FL/US,Annese & Lindley,NSU AL,0,,
Princeton,NJ/US,Mogha & Srivastava,Princeton MS,0,,
Princeton,NJ/US,Huang & Tauro,Princeton TH,0,,
Princeton,NJ/US,Tauro & Wu,Princeton WT,0,,
Ridge,NJ/US,Hira & Narang,Ridge NH,0,,
Ridge,NJ/US,Sateeja & Li,Ridge SL,0,,
Scarsdale,NY/US,Andrade & Peng,Scarsdale AnPe,0,,
Scarsdale,NY/US,Auerbach & Pascutti,Scarsdale AP,0,,
Scarsdale,NY/US,Dragovic & Papazoglu,Scarsdale DP,0,,
Scarsdale,NY/US,Ding & Secmen,Scarsdale DS,0,,
Scarsdale,NY/US,He & Wang,Scarsdale HW,0,,
Sharon,MA/US,Hussain & Yarlagadda,Sharon HY,0,,
Sharon,MA/US,Pabba & Rajaguru,Sharon PR,0,,
Sharon,MA/US,He & Sreeram,Sharon SH,0,,
Strake Jesuit College Prep,TX/US,Donovan & Kyle,Strake Jesuit  DK,0,,
Strake Jesuit College Prep,TX/US,Shatby & Gadin,Strake Jesuit  GS,0,,
Strake Jesuit College Prep,TX/US,Sadare & Saini,Strake Jesuit  SS,0,,
Strake Jesuit College Prep,TX/US,Wang & Li,Strake Jesuit  WL,0,,
Strath Haven,PA/US,Li & Zhang,Strath Haven LZ,0,,
Success Academy HSLA-MANHATTAN,NY/US,Allison & Iqra,Success Academy HSLA-MANHATTAN AI,0,,
Success Academy HSLA-MANHATTAN,NY/US,Rahim & Aniagyei,Success Academy HSLA-MANHATTAN AR,0,,
Success Academy HSLA-MANHATTAN,NY/US,Innes & Almanzar,Success Academy HSLA-MANHATTAN IA,0,,
Success Academy HSLA-MANHATTAN,NY/US,Mckenzie & Mabry,Success Academy HSLA-MANHATTAN MM,0,,
Waring,MA/US,Lorber Goodman & Hennessey,Waring HL,0,,
Winchester,MA/US,Chong & He,Winchester CH,0,,