Aff,Neg,Judges,Votes,Result
Troy Independent AP,Memorial SC,"Neda Bahrani																																		Delon Fuller																																		Anthony Survance","Neg																												Aff																												Aff","2-1																															AFF"
Sharon RG,Oxford VD,"Henry Eberhart																																		Lukas Krause																																		Amelia Ritenour","Aff																												Aff																												Aff","3-0																															AFF"
Mission San Jose SR,Cardinal Gibbons RS,"Derek Ying																																		Faizaan Dossani																																		Evan Li","Neg																												Aff																												Aff","2-1																															AFF"
NSU SF,Byram Hills AK,"Keshav Dandu																																		William White																																		Saied Beckford","Aff																												Aff																												Aff","3-0																															AFF"
San Mateo YR,Lake Highland Prep AB,"Jeong-Wan Choi																																		Claire Liu																																		Thomas Kim","Aff																												Aff																												Aff","3-0																															AFF"
Lake Highland Prep PS,Summit JC,"T.J. Maher																																		Braedon Kirkpatrick																																		William Freedman","Aff																												Neg																												Aff","2-1																															AFF"
Oxford VM,Academy Of Classical Christian Studies JM,"Grant Brown																																		Muhammad Khattak																																		Lauren McBlain","Aff																												Neg																												Aff","2-1																															AFF"
King CP,North Allegheny RR,"Vanessa Chen																																		Parth Misra																																		Curtis Chang","Aff																												Aff																												Neg","2-1																															AFF"