Aff,Neg,Judge,Result,"Aff								Points","Neg								Points"
McNeil Karthik Jayakumar,Westla Alexandra Coulter,Ben Erdmann,Neg,29,29
ClaTay Michael Reichle,Strake JD Kollar,Isaac Chao,Aff,29,28
Strake Christopher Bezemek,,,Aff BYE,Aff BYE,
Westwo Pranav Medikonduru,Strake Justin Wen,Nelson Okunlola,Neg,29,30
Midlot Armaan Christ,Strake Vail Chen,dylan jones,Neg,29,30
ClaTay Abhived Pulapaka,Strake Evan Proctor,Nelson Okunlola,Aff,30,29
BSAS Kira Schwegler,Westwo Anoop Rachakonda,David Herrera,Neg,29,29
Strake Vincent Jumalon,Westwo Eric Gao,Vishal Sivamani,Neg,29,30
McNeil Anshul Gulati,Strake Harvey Zhu,Truman Le,Aff,29,28
Strake Zion Dixon,Reagan Twara Sandeep,Cameron Chacon,Aff,30,28
Strake Diego Arcos,CypWoo Adrian Peloquin,Vishal Sivamani,Aff,30,29
Strake Vratin Mankidy,McNeil Adrita RayChaudhuri,Davina Le,Aff,29,29
CypWoo Aidan Tennant,StMar Walker Kruger,Zaarah Azad,Aff,28,28
CypWoo Amanda Zhang,BSAS Amal Khan,Davina Le,Aff,29,28
CypWoo Connor Taylor,Strake Jet Sun,Breigh Plat,Neg,28,29
Strake Karan Shah,FloMou Durga Bhaskaruni,Truman Le,Aff,30,28
SanDay William Walker,LakTra Michelle Antony,Ben Erdmann,Aff,30,29
Strake Jarvis Xie,McNeil Yara Mustafa,dylan jones,Aff,30,29
FloMou Saundhi Vij,Strake Rushil Chetty,Peter Olusanya,Neg,28,29
BSAS Zaid Rashid,LakTra Ashlyn Story,Ben Brody,Aff,28,28
Strake Christopher Miller,StMar Rohith Siddabattula,Ben Brody,Aff,28,28
Strake Daniel Lee,DriSpr Alexander Seshan,Patrick Fox,Aff,30,28
Strake Michael Stuckert,LC Nathan Stein,Holden Bukowsky,Aff,29,28