Aff,Neg,Judge,Result,"Aff								Points","Neg								Points"
Midlot Armaan Christ,Strake Evan Proctor,Breigh Plat,Neg,29,29
McNeil Anshul Gulati,Strake Zion Dixon,Gabi Valdez,Neg,29,30
Strake Michael Stuckert,Westla Alexandra Coulter,Breigh Plat,Aff,29,29
ClaTay Abhived Pulapaka,Strake Christopher Miller,Angela Zhong,Aff,29,29
Strake Rushil Chetty,ClaTay Michael Reichle,Blake Ochoa,Aff,30,28
Strake Vail Chen,McNeil Karthik Jayakumar,Patrick Fox,Aff,30,29
CypWoo Amanda Zhang,BSAS Zaid Rashid,Cameron Chacon,Aff,29,28
Strake Diego Arcos,Westwo Anoop Rachakonda,River Cook,Neg,29,30
Strake Harvey Zhu,McNeil Yara Mustafa,Nelson Okunlola,Neg,29,29
Strake Karan Shah,StMar Walker Kruger,Ben Brody,Aff,29,28
LakTra Michelle Antony,Strake Daniel Lee,Isaac Chao,Neg,28,29
Strake Vincent Jumalon,Westwo Pranav Medikonduru,Isaac Chao,Neg,28,30
LakTra Ashlyn Story,Strake Jarvis Xie,Nelson Okunlola,Neg,28,30
StMar Rohith Siddabattula,FloMou Durga Bhaskaruni,Gabi Valdez,Aff,28,28
LC Nathan Stein,CypWoo Adrian Peloquin,Cameron Chacon,Aff,29,28
,DriSpr Alexander Seshan,,Neg BYE,Neg BYE,
SanDay William Walker,Strake Vratin Mankidy,Patrick Fox,Aff,29,29
Strake Christopher Bezemek,FloMou Saundhi Vij,Phoenix Pittman,Aff,28,28
Strake Justin Wen,BSAS Amal Khan,Angela Zhong,Aff,29,29
Strake Jet Sun,BSAS Kira Schwegler,Phoenix Pittman,Aff,29,29
Westwo Eric Gao,CypWoo Connor Taylor,dylan jones,Aff,29,28
Reagan Twara Sandeep,Strake JD Kollar,Holden Bukowsky,Neg,28,29
CypWoo Aidan Tennant,McNeil Adrita RayChaudhuri,dylan jones,Neg,28,29