Aff,Neg,Judge,Result,"Aff								Points","Neg								Points"
Westla Alexandra Coulter,Strake Justin Wen,Phoenix Pittman,Neg,28,30
Strake Zion Dixon,CypWoo Amanda Zhang,Holden Bukowsky,Aff,30,28
CypWoo Connor Taylor,Strake Karan Shah,Nelson Okunlola,Neg,28,29
Strake Evan Proctor,McNeil Karthik Jayakumar,Truman Le,Aff,28,28
LC Nathan Stein,Strake Rushil Chetty,Davina Le,Neg,28,29
Westwo Anoop Rachakonda,Strake Vail Chen,Isaac Chao,Neg,29,29
FloMou Durga Bhaskaruni,Strake Vratin Mankidy,Angela Zhong,Neg,28,29
SanDay William Walker,Strake Michael Stuckert,Davina Le,Aff,29,29
Reagan Twara Sandeep,Strake Christopher Bezemek,Jackson Kaiser,Neg,27,28
StMar Rohith Siddabattula,Strake Jarvis Xie,Patrick Fox,Neg,28,30
Strake,BSAS Amal Khan,,"Aff FFT																									Neg BYE","Aff FFT																									Neg BYE",
Strake Harvey Zhu,Westwo Pranav Medikonduru,Breigh Plat,Neg,29,30
BSAS Zaid Rashid,DriSpr Alexander Seshan,Wyatt Hatfield,Aff,28,28
McNeil Adrita RayChaudhuri,Strake Jet Sun,Truman Le,Neg,29,30
ClaTay Abhived Pulapaka,Strake Diego Arcos,Breigh Plat,Aff,29,29
CypWoo Aidan Tennant,BSAS Kira Schwegler,Ben Erdmann,Aff,29,29
LakTra Michelle Antony,Strake Christopher Miller,Jackson Kaiser,Neg,28,28
McNeil Yara Mustafa,LakTra Ashlyn Story,Ben Erdmann,Aff,29,29
FloMou Saundhi Vij,ClaTay Michael Reichle,Cameron Chacon,Neg,28,27
Strake Daniel Lee,StMar Walker Kruger,Nelson Okunlola,Aff,29,28
Westwo Eric Gao,BSAS Milin Tunsiricharoengul,rema bhat,Aff,29,28
CypWoo Adrian Peloquin,McNeil Anshul Gulati,River Cook,Neg,28,29
Midlot Armaan Christ,Strake Vincent Jumalon,Patrick Fox,Aff,29,29
Strake JD Kollar,,,,,