Aff,Neg,Judges,Votes,Result
Memorial DX,Dulles TY,"Wyatt Hatfield																																		T.J. Maher																																		Annie Wang","Neg																												Neg																												Neg","3-0																															NEG"
Harrison MB,BASIS Peoria PY,"Henry Eberhart																																		Temitope Ogundare																																		Andrea Chow","Neg																												Aff																												Aff","2-1																															AFF"
Claudia Taylor Johnson AP,Olympia BO,"Amulya Natchukuri																																		Neville Tom																																		Abhilash Datti","Aff																												Aff																												Aff","3-0																															AFF"
Lexington CH,American Heritage Broward EM,"Grant Brown																																		Favian Sun																																		Elias Altman","Neg																												Neg																												Aff","2-1																															NEG"
American Heritage Broward SS,Academy Of Classical Christian Studies JM,"Curtis Chang																																		Ananya Natchukuri																																		Rohit Lakshman","Aff																												Neg																												Aff","2-1																															AFF"
Princeton CB,Mission San Jose SR,"Ben Waldman																																		David Herrera																																		Abby Morris","Neg																												Neg																												Neg","3-0																															NEG"
Strake Jesuit  JW,Village RB,"Victor Chen																																		Alex Rivera																																		Mariana Colicchio","Aff																												Aff																												Neg","2-1																															AFF"
Lexington VM,Lake Highland Prep PS,"Conal Thomas-McGinnis																																		Animesh Joshi																																		Devin Jiang","Neg																												Aff																												Neg","2-1																															NEG"