Aff,Neg,Judges,Votes,Result
Peninsula CS,McNeil AG,"Diana Alvarez																																		Justin Fang																																		Lotem Levy","Neg																												Neg																												Aff","2-1																															NEG"
Denver East LF,Newman Smith SJ,"Josh Weingarten																																		X Braithwaite																																		Nicky Smith","Aff																												Neg																												Neg","2-1																															NEG"
Interlake DB,Silver Creek KZ,"Hannah Nunley																																		Heaven Montague																																		Asher Towner","Aff																												Aff																												Aff","3-0																															AFF"
Vestavia Hills DS,Park City NL,"Yardley Rosas																																		Michael Harris																																		Saketh Kotapati","Neg																												Neg																												Aff","2-1																															NEG"
Millard North NL,Mercer Island KS,"Leah Clark-Villanueva																																		Ean Neiswanger																																		Isabella Crockett","Aff																												Aff																												Neg","2-1																															AFF"
Monta Vista KR,Dougherty Valley KZ,"Ausha Curry																																		Zaid Umar																																		Isabella Gandara","Neg																												Neg																												Aff","2-1																															NEG"
Pine View EL,Homestead SL,"Albert Cardenas																																		Gordon Krauss																																		Duncan Stewart","Neg																												Neg																												Neg","3-0																															NEG"
Solebury LM,Millard North YL,"Sam Larson																																		parth misra																																		Nethmin Liyanage","Aff																												Aff																												Aff","3-0																															AFF"