Aff,Neg,Judges,Votes,Result
Strake Jesuit  JX,Strake Jesuit  KS,,Strake Jesuit  JX advances,Strake Jesuit  JX advances
Peninsula RM,Ayala AM,"Valorie Lam																																		Danielle Dosch																																		Ben Cortez","Neg																												Aff																												Aff","2-1																															AFF"
Strake Jesuit  JW,San Mateo YR,"Gordon Krauss																																		Connor Self																																		Tej Gedela","Neg																												Neg																												Neg","3-0																															NEG"
Dulles TY,Plano East AW,"James Stuckert																																		Wyatt Hatfield																																		Javier Navarrete","Neg																												Aff																												Aff","2-1																															AFF"
Plano East JN,Sidwell SW,"Chris Castillo																																		Derek Hilligoss																																		Ronak Ahuja","Neg																												Aff																												Neg","2-1																															NEG"
Sequoia AS,Orange Lutheran AZ,"Nathan Russell																																		Lena Mizrahi																																		David Dosch","Aff																												Aff																												Aff","3-0																															AFF"
Evergreen Valley Independent SS,Diamond Bar NC,"Truman Le																																		Holden Bukowsky																																		Julian Kuffour","Aff																												Neg																												Neg","2-1																															NEG"
Carnegie Vanguard SR,Immaculate Heart JL,"Joseph Georges																																		Tej Gedela																																		Asher Towner","Aff																												Neg																												Neg","2-1																															NEG"