Aff,Neg,Judges,Votes,Result
Strake Jesuit  ZD,Mercer Island KS,"Megha Prasad																																		Jenn Melin																																		Chetan Hertzig","Aff																												Aff																												Aff","3-0																															AFF"
San Mateo YR,Northern Valley HS Independent JS,"Michael Kurian																																		Andrew Garber																																		Vandan Patel","Neg																												Neg																												Aff","2-1																															NEG"
BASIS Peoria PY,Lake Highland Prep AB,"Fabrice Etienne																																		Reed Weiler																																		Quinn Hughes","Aff																												Neg																												Neg","2-1																															NEG"
Lexington BF,King CP,"James Stuckert																																		Kyle Kopf																																		Ishan Bhatt","Aff																												Aff																												Aff","3-0																															AFF"
Strake Jesuit  MS,Scripps Ranch AS,"Sreyaash Das																																		Saianurag Karavadi																																		Tahj Johnson","Aff																												Neg																												Aff","2-1																															AFF"
Appleton North MU,Harrison MB,"Amelia Ritenour																																		Ausha Curry																																		Hever Arjon","Neg																												Aff																												Neg","2-1																															NEG"
Strake Jesuit  KS,Memorial SC,"Eric He																																		Charles Karcher																																		Daniel Shatzkin","Aff																												Aff																												Aff","3-0																															AFF"
Hunter AI,Strake Jesuit  JS,"Jada Bourne																																		Ronak Ahuja																																		Syamantak Sen","Neg																												Neg																												Aff","2-1																															NEG"