School,Location,Entry,Code
Ardsley,NY/US,Kevin Khitrov,Ardsley KK
Ardsley,NY/US,Liam Lobl,Ardsley LL
Bridgeland,TX/US,Zarik Tao,Bridge ZT
Carnegie Vanguard,TX/US,Laura Huang,Carnegie Vanguard LH
Carnegie Vanguard,TX/US,Siddhartha Rana,Carnegie Vanguard SR
Clear Lake,TX/US,Ibraheim Maudood,CleLak IM
Clear Lake,TX/US,Miles Kshatriya,CleLak MK
Clear Lake,TX/US,Antonio Arguelles,Clear Lake AA
Clear Lake,TX/US,Mark Bishop,Clear Lake MB
Clear Springs,TX/US,Emilio Garza,CleSpr EG
Clear Springs,TX/US,William Merida,CleSpr WM
Cooper City,FL/US,Nathan Reed,CooCit NR
Coppell,TX/US,Elise Howe,Coppel EH
Coppell,TX/US,Hunniya Ahmad,Coppel HA
Coppell,TX/US,Rishabh Mallidi,Coppel RM
Coppell,TX/US,Sirini Karunadasa,Coppel SK
Coppell,TX/US,Siya Sangani,Coppel SS
Dulles,TX/US,Avani Desai,Dulles AD
Dulles,TX/US,Justin Li,Dulles JL
Dulles,TX/US,Vishnu Nataraja,Dulles VN
Elkins,TX/US,Nevin Kalloor,Elkins NK
Greenhill,TX/US,Christopher Row,Greenh CR
Greenhill,TX/US,Emma Nguyen,Greenh EN
Greenhill,TX/US,Jaden Watt,Greenh JW
Greenhill,TX/US,Sarah Koshy,Greenh SK
Heights,TX/US,Jeremiah Jolivette,Height JJ
Little Rock Central,AR/US,Xeno Jones,Little Rock Central XJ
Memorial,TX/US,Ben Duong,Memori BD
Memorial,TX/US,Daniel Xu,Memori DX
Midlothian,TX/US,Armaan Christ,Midlot AC
Midlothian,TX/US,Vicente Staton,Midlot VS
Newman Smith,TX/US,Suhani Jampala,NewSmi SJ
Sidwell,DC/US,Sean Wallace,Sidwel SW
Stephen F Austin,TX/US,Elena Nutzman,SteF EN
Strake Jesuit College Prep,TX/US,Christopher Bezemek,Strake CB
Strake Jesuit College Prep,TX/US,Christopher Hubbard,Strake CH
Strake Jesuit College Prep,TX/US,Christopher Miller,Strake CM
Strake Jesuit College Prep,TX/US,Evan Proctor,Strake EP
Strake Jesuit College Prep,TX/US,Jarvis Xie,Strake JX
Strake Jesuit College Prep,TX/US,Kai Chong,Strake KC
Strake Jesuit College Prep,TX/US,Lucas Walker,Strake LW
Strake Jesuit College Prep,TX/US,Michael Stuckert,Strake MS
Strake Jesuit College Prep,TX/US,Oliver Zhang,Strake OZ
Strake Jesuit College Prep,TX/US,Rushil Chetty,Strake RC
Strake Jesuit College Prep,TX/US,Vincent Jumalon,Strake VJ
Strake Jesuit College Prep,TX/US,Diego Arcos,Strake Jesuit  DA
Strake Jesuit College Prep,TX/US,JD Kollar,Strake Jesuit  JK
Strake Jesuit College Prep,TX/US,Justin Wen,Strake Jesuit  JW
Strake Jesuit College Prep,TX/US,Vratin Mankidy,Strake Jesuit  VM
Woodlands College Park,TX/US,Trisha Sharma,WooCol TS
Woodlands,TX/US,Alex Hant,Woodlands AH
Woodlands,TX/US,Paul Aldrich,Woodlands PA
Woodlands,TX/US,Samuel Tay,Woodlands ST
Westside,TX/US,Sripad Yadagiri,Westside SY