Pro,Con,Judges,Votes,Result
Madison West CG,Del Norte Independent AH,"Maddie Cook																																		Joshua Enebo																																		Ramesh Kodnani","Con																												Con																												Pro","2-1																															CON"
Mission San Jose KW,Illinois Independent Entry VS,"Razak Hossain																																		Deepak Khanna																																		Zachary Heintz","Pro																												Pro																												Con","2-1																															PRO"
Brookfield East MJ,Brookfield East CS,,Brookfield East MJ advances,Brookfield East MJ advances
Blake DR,,,,
Lakeville SN,,,,
St Paul Academy and Summit BH,,,,
Brookfield East OP,,,,
DebateDrills MR,,,,