Institution,Location,Entry,Code,Status,Record
Acton-Boxborough,MA/US,Shang & Ebbin,Acton-Boxborough ES,,
Acton-Boxborough,MA/US,Misro & Ji,Acton-Boxborough JM,,
Acton-Boxborough,MA/US,Eadala & Kozlov,Acton-Boxborough KE,,
Acton-Boxborough,MA/US,Pandey & Marimuthu,Acton-Boxborough PM,,
Acton-Boxborough,MA/US,Patil & Patil,Acton-Boxborough PP,,
Acton-Boxborough,MA/US,Senani & Vatsa,Acton-Boxborough SV,,
Acton-Boxborough,MA/US,Tang & Garg,Acton-Boxborough TG,,
Acton-Boxborough,MA/US,Nambiar & Walia,Acton-Boxborough WN,,
BASIS Peoria Independent,AZ/US,Tummala & Kim,BASIS Peoria Independent TK,,
Bergen County Academies,NJ/US,Choi & Park,Bergen County Academies CP,,
Bronx Science,NY/US,Appelbaum & Moy,Bronx Science AM,,
Bronx Science,NY/US,Branch & Isaacs,Bronx Science BI,,
Bronx Science,NY/US,Birman & Koo,Bronx Science BK,,
Bronx Science,NY/US,Comisarow & Croft,Bronx Science CC,,
Bronx Science,NY/US,Chen & Sooriyakumar,Bronx Science CS,,
Bronx Science,NY/US,Hur & Zhou,Bronx Science HZ,,
Bronx Science,NY/US,Moser & Sander,Bronx Science MS,,
Bronx Science,NY/US,Vora & Sweet,Bronx Science VS,,
Cherry Hill HS East,NJ/US,Ren & Ren,Cherry Hill HS East RR,,
Cranbrook,MI/US,Wang & Chan,Cranbrook CW,,
Cranbrook,MI/US,Ezhil & Kumbar,Cranbrook KE,,
Cranbrook,MI/US,Zhang & Kim,Cranbrook KZ,,
Cranbrook,MI/US,Zhou & Feng,Cranbrook ZF,,
Delbarton,NJ/US,Caravello & Hosler,Delbarton CH,,
Delbarton,NJ/US,Kapp & Sardar,Delbarton KS,,
East Ridge,MN/US,Vijayakumar & Namgung,East Ridge NV,,
Great Neck North,NY/US,Zhao & Volkov,Great Neck North ZV,,
Hastings,NE/US,Schroeder & Reyes,Hastings SR,,
Hunter,NY/US,Sandu & Schonfeld,Hunter SS,,
Hunter,NY/US,Wan & Turner-Walkowitz,Hunter WT,,
James Madison,VA/US,Rose & Yu,James Madison RY,,
Lambert,GA/US,Mukker & Sun,Lambert MS,,
Lambert,GA/US,Baddela & Paul,Lambert PB,,
Lincoln East,NE/US,Agarwal & Ganesh,Lincoln East AG,,
Lincoln East,NE/US,Jangala & Sathish,Lincoln East JS,,
Lincoln East,NE/US,Neamu & Bobaru,Lincoln East NB,,
Lincoln East,NE/US,Ng & Suh,Lincoln East NS,,
Lincoln East,NE/US,Williams & Peterson,Lincoln East WP,,
Livingston,NJ/US,Li & Gupta,Livingston LG,,
Livingston,NJ/US,Zhang & Nistala,Livingston NZ,,
Maret,DC/US,Das & Gordon,Maret DG,,
McLean,VA/US,Rucker & Glass,McLean RG,,
McLean,VA/US,Kim & Sandhu,McLean SK,,
McLean,VA/US,Sandhu & Vazquez,McLean VS,,
McLean,VA/US,Wilson & Lowe,McLean WL,,
Millard North,NE/US,Devineni & Karri,Millard North KD,,
Millard North,NE/US,Nedunoori & Mishra,Millard North NM,,
Millard North,NE/US,Pal & Li,Millard North PL,,
Milpitas,CA/US,Xie & Sana,Milpitas XS,,
Mira Loma,CA/US,Ambalam Jagadish & Singhai,Mira Loma AS,,
Mira Loma,CA/US,Kate & Gargas,Mira Loma GK,,
Mira Loma,CA/US,Gundimeda & Singh,Mira Loma GS,,
Mira Loma,CA/US,Ayyagari & Sharma,Mira Loma SA,,
Northwood,CA/US,Xiong & Bhootra,Northwood XB,,
Nueva,CA/US,Kulkarni & Zhang,Nueva KZ,,
Oakwood,CA/US,Gardner-Berg & Rosenfelt,Oakwood GR,,
Oakwood,CA/US,Turk & Turk,Oakwood TT,,
Quarry Lane,CA/US,Anantharaman & Dhoat,Quarry Lane AD,,
Quarry Lane,CA/US,Elmashni & Zhang,Quarry Lane EZ,,
Quarry Lane,CA/US,Karthi & Parker,Quarry Lane KP,,
Quarry Lane,CA/US,Mittal & Nirmal,Quarry Lane MN,,
Quarry Lane,CA/US,Kim & Patel,Quarry Lane PK,,
Quarry Lane,CA/US,Sharma & Agrawal,Quarry Lane SA,,
Seven Lakes,TX/US,Eswar & Meghani,Seven Lakes EM,,
Seven Lakes,TX/US,Jackson & Wu,Seven Lakes JW,,
Seven Lakes,TX/US,Otieno & Tran,Seven Lakes TO,,
St.Albans Cathedral,DC,Pistilli & Hart III,St.Albans Cathedral HP,,
Strake Jesuit College Prep,TX/US,Brooks & Moore,Strake Jesuit  BM,,
Strake Jesuit College Prep,TX/US,Donovan & Kyle,Strake Jesuit  DK,,
Strake Jesuit College Prep,TX/US,Sadare & Saini,Strake Jesuit  SS,,
Strake Jesuit College Prep,TX/US,Wang & Bhardwaj,Strake Jesuit  WB,,
Summit,NJ/US,Arora & Zahtila,Summit AZ,,
Summit,NJ/US,Liang & Davies,Summit LD,,
Summit,NJ/US,Levington & Karotki,Summit LK,,
Summit,NJ/US,Mazo & Khan,Summit MK,,
Summit,NJ/US,Patel & Au-Yeung,Summit PA,,
Summit,NJ/US,Mudgal & Tham,Summit TM,,
Theodore Roosevelt,IA/US,Larson & Narayanan,Theodore Roosevelt LN,,
Theodore Roosevelt,IA/US,McIver & Chilongo,Theodore Roosevelt MC,,
Thomas Jefferson HSST,VA/US,Cui & Tian,Thomas Jefferson HSST CT,,
VDA - Vancouver,BC/CA,Tu & Zhou,VDA - Vancouver TZ,,
VDA - Vancouver,BC/CA,Yao & Zhang,VDA - Vancouver YZ,,
Walton,GA/US,MacColl & Naor,Walton NM,,
West Windsor Plainsboro South,NJ/US,Maheshwari & Shenoy,West Windsor Plainsboro South MS,,
West Windsor Plainsboro South,NJ/US,Srinivasan & Telang,West Windsor Plainsboro South TS,,
West Windsor Plainsboro South,NJ/US,Wang & Katyal,West Windsor Plainsboro South WK,,
West Windsor Plainsboro South,NJ/US,Waikul & Nurullayeva,West Windsor Plainsboro South WN,,