Aff,Neg,Judge,Result,"Aff								Points","Neg								Points"
Cupertino SS,James Logan SB,Eleana Paneda,Neg,28,28
Brentwood AR,Lovejoy JV,Samantha McLoughlin,Neg,28,29
Evergreen Valley SV,St Francis MR,Vijay Sinha,Neg,29,29
Southlake Carroll PK,Sequoia AS,Emmiee Malyugina,Aff,30,30
Lynbrook MD,American NS,Anna Rebar,Aff,28,28
Fairview UB,St Francis TG,,"Aff BYE																									Neg FFT","Aff BYE																									Neg FFT",
Peninsula KN,Westridge KY,Nikki Aqui,Neg,29,30
Peninsula IY,Mission San Jose AD,Colton Gilbert,Neg,28,28
Fairview SP,Harker MB,Nikita Cardozo,Neg,28,28
Orange Lutheran AZ,Harvard-Westlake AW,Calvin Tyler,Aff,30,30
Plano Independent RP,Harker AA,Julian Kuffour,Aff,29,29
La Canada LL,Brophy CC,Alexander Goldberg,Neg,27,29
Marlborough AK,Portola AS,Lawrence Zhou,Neg,29,29
Cupertino YA,Peninsula CS,Brianna Aaron,Neg,28,29
Immaculate Heart RR,Leland MN,Andrew Qin,Aff,28,28
Canyon Crest PJ,Westwood VL,Gordon Krauss,Neg,28,29
Saratoga ES,Immaculate Heart MF,Keshav Dandu,Neg,29,29
Harvard-Westlake MT,Harker AP,Gerard Grigsby,Aff,29,28
Harker KB,Nova 42 RS,Claudia Ribera,Aff,29,29
Marlborough MS,Westwood AP,Lawrence Zhou,Neg,28,29
Harker GS,Monta Vista YS,Diana Paulsen,Aff,28,28
Little Rock Central XJ,Peninsula RM,Joel Lemuel,Neg,29,29
Cogito CL,Immaculate Heart BC,Leah Clark-Villanueva,Neg,28,29
Harker AM,Nova 42 JF,Ronit Gupta,Neg,28,28
Apple Valley LW,Immaculate Heart EL,Akshay Manglik,Aff,29,28
Marlborough AW,Harker RM,Aditya Madaraju,Neg,28,29
Cogito IC,Peninsula WW,Jason Yang,Neg,27,28
Peninsula JX,Harvard-Westlake MB,Jack Quisenberry,Neg,28,28
Harvard-Westlake IC,Taft EL,Jacob Nails,Aff,29,29
Harvard-Westlake AD,Golden State MD,Skye Spindler,Neg,29,29
Marlborough HL,Immaculate Heart ES,Derek Hilligoss,Aff,29,28
Notre Dame San Jose AG,Mission San Jose AA,Truman Le,Aff,29,28
Marlborough ZG,Peninsula AY,Matt Stannard,Aff,28,28
Harker AS,Denver East LF,Ari Davidson,Aff,29,28
Harker VZ,Harvard-Westlake JH,Lena Mizrahi,Neg,29,29
Marlborough SL,Strath Haven AM,Saketh Kotapati,Neg,28,30
Saratoga YK,Albuquerque LN,Obinna Dennar,Neg,28,30
Lynbrook SC,Harker PG,Raunak Dua,Neg,29,28
Honor DL,Amador Valley EY,Min Chen,Aff,28,28
Immaculate Heart JL,Cardinal Gibbons RS,Brett Boelkens,Aff,29,28
Archbishop Mitty AB,Harker DS,Gordon Krauss,Neg,29,29
Harker SY,Peninsula EL,Gerard Grigsby,Aff,28,28
Stockdale GS,Monta Vista RD,Scott Brown,Aff,29,29
Nova 42 PT,Fairview CS,Puja Singhal,Aff,29,28
Peninsula MG,Coppell EH,Jason Yang,Neg,26,28
Denver East SB,Harvard-Westlake AJ,Passa Pungchai,Neg,29,29
Westwood SP,Amador Valley NG,Nethmin Liyanage,Aff,28,28
Northland Christian CS,Canyon Crest AK,Truman Le,Neg,28,28
American AS,Harker NA,Saketh Kotapati,Aff,29,28
Peninsula BD,Marlborough WR,Matt Stannard,Neg,29,29
Northland Christian LB,Mira Loma SG,Scott Brown,Aff,30,29
Bridgeland Independent PT,Harker DV,Cale McCrary,Neg,29,30
Little Rock Central MG,Harker MK,Claudia Ribera,Aff,30,29
Fairview AK,Isidore Newman EE,Derek Hilligoss,Neg,29,30
Fairview SJ,Ayala AM,Kwudjwa Osei,Neg,29,29
Eden Prairie AG,Westwood EG,Anthony Kolshorn,Neg,30,30
Cupertino IS,Harvard-Westlake EB,Calvin Tyler,Neg,29,29
Harvard-Westlake ADi,James Logan MA,Nethmin Liyanage,Aff,28,27
LNU RN,Westlake AC,Sophia Rebar,Neg,26,26
Marlborough ML,Mission San Jose SS,Vishan Chaudhary,Neg,29,29
Peninsula KD,Golden State NK,Indu Pandey,Aff,28,28
Nova 42 SJ,Harvard-Westlake SW,Passa Pungchai,Aff,29,29
Sage MP,Westwood PM,,"Aff BYE																									Neg BYE","Aff BYE																									Neg BYE",
Albuquerque AK,Archbishop Mitty AS,Brett Boelkens,Aff,29,28
Golden State SJ,Honor AP,Andrew Qin,Neg,28,28
Northland Christian AH,Diamond Bar NC,Jalyn Wu,Neg,29,30
Archbishop Mitty JY,St Francis HU,,"Aff BYE																									Neg FFT","Aff BYE																									Neg FFT",
Able2Shine MC,Harvard-Westlake RV,Arianna Nelson,Aff,29,29
Harvard-Westlake ML,Honor VD,Diana Alvarez,Neg,28,30
St Francis MG,,,Aff BYE,Aff BYE,
Nova 42 DM,Marlborough HH,Aditya Madaraju,Neg,28,28
Brentwood BB,"Young Genius, Bay Area AA",Carol Getty,Neg,27,28
St Agnes EH,Harvard-Westlake NL,Jack Quisenberry,Aff,29,28
Harvard-Westlake NW,Stanford OHS AY,Diana Alvarez,Neg,28,29
Harker SS,Bellarmine  AK,Ari Davidson,Neg,28,30
Archbishop Mitty AC,Brentwood MD,Amy Santos,Neg,28,28
Archbishop Mitty AA,Nova 42 CH,Nikki Aqui,Neg,29,29
Marlborough MJ,Saratoga AG,Khamani Griffin,Neg,30,30
Apple Valley KW,Wyoming Virtual JC,Cale McCrary,Neg,28,30
Archbishop Mitty AP,Mission San Jose MA,Joseph Barquin,Aff,28,28
ModernBrain AK,Peninsula AJ,Vishvak Bandi,Aff,29,28
Coppell RM,Stockdale RP,Skye Spindler,Neg,28,29
Brophy TJ,Peninsula AD,Vishvak Bandi,Aff,29,28
Amador Valley EL,Nova 42 MM,Vijay Sinha,Aff,29,29
Stockdale VA,Peninsula SM,Colton Gilbert,Neg,28,28
Peninsula AB,Harvard-Westlake KD,Akshay Manglik,Neg,29,29
Coppell HA,Westlake AK,Jacob Lugo,Neg,29,30
Westridge TW,Immaculate Heart SP,Leah Clark-Villanueva,Aff,29,28
Harker AV,Nova 42 NJ,Jacob Nails,Neg,28,29
San Mateo ZS,Harker AG,Joel Lemuel,Neg,28,29
Denver East MB,Proof DR,Jacob Lugo,Neg,28,28
Harvard-Westlake LD,Westlake MR,Kwudjwa Osei,Neg,29,29
Immaculate Heart SS,Mission San Jose SR,Joseph Barquin,Neg,29,29