Aff,Neg,Judge,Result,"Aff								Points","Neg								Points"
Marlborough AK,Immaculate Heart JL,Akshay Manglik,Neg,29,29
Lynbrook SC,Nova 42 JF,Lindsay Van Luvanee,Aff,29,28
Harker DS,Little Rock Central MG,Cale McCrary,Aff,30,30
James Logan MA,Cupertino IS,Ashley Nguyen,Aff,28,27
Marlborough AW,Harvard-Westlake IC,Arianna Nelson,Neg,29,29
Sequoia AS,Able2Shine MC,Nethmin Liyanage,Aff,30,28
Fairview AK,Harker VZ,Srividhya Venkataraman,Aff,29,28
Peninsula AD,Nova 42 MM,Kiarash Noorizadeh,Neg,26,29
Saratoga AG,Peninsula RM,Nick Fleming,Neg,29,29
St Agnes EH,Saratoga YK,River Cook,Aff,29,28
Marlborough HL,Nova 42 CH,Courtney Coffman,Aff,28,28
Cupertino SS,Archbishop Mitty AP,Riley Fisher,Aff,30,30
La Canada LL,Harvard-Westlake SW,Doug Kramer,Aff,25,24
Westlake AC,Northland Christian CS,Keshav Dandu,Neg,28,28
Fairview SJ,Eden Prairie AG,Lawrence Zhou,Neg,29,29
Harker DV,Proof DR,Derek Hilligoss,Neg,30,30
Harvard-Westlake RV,Marlborough ZG,Bennett Dombcik,Neg,28,29
Bellarmine  AK,Westridge TW,Jack Czyz,Neg,30,30
Coppell EH,Mira Loma SG,Puja Singhal,Neg,,29
James Logan SB,American AS,,"Aff BYE																									Neg BYE","Aff BYE																									Neg BYE",
Brentwood BB,St Francis MG,Scott Brown,Aff,29,29
Westlake MR,Stockdale GS,Joseph Barquin,Neg,29,29
Harvard-Westlake MT,Bridgeland Independent PT,Nick Smith,Neg,28,28
Westwood SP,Harker MK,Saketh Kotapati,Neg,28,29
Fairview SP,St Francis HU,Riley Fisher,Aff,29,29
Denver East LF,Westwood EG,Diana Alvarez,Aff,28,28
St Francis TG,Peninsula AY,Krishna Dixit,Aff,26,23
Notre Dame San Jose AG,Harker AA,Ari Davidson,Neg,29,29
Westridge KY,Harvard-Westlake ML,Nick Smith,Neg,28,29
Brophy CC,Cogito CL,Aniruth Narayanan,Neg,29,30
Harker PG,Albuquerque LN,Ari Davidson,Neg,28,29
Harker RM,Orange Lutheran AZ,Asher Towner,Aff,29,29
Cupertino YA,Peninsula KD,Anshuman Mishra,Aff,28,28
Immaculate Heart EL,Marlborough MS,Saketh Kotapati,Neg,28,29
Westlake AK,Honor AP,Jonathan Meza,Aff,30,30
"Young Genius, Bay Area AA",Immaculate Heart RR,Matt Stannard,Neg,28,28
Stockdale RP,Mission San Jose AA,Nethmin Liyanage,Neg,27,29
Mission San Jose AD,Coppell HA,Emmiee Malyugina,Neg,28,29
Taft EL,Honor VD,Danielle Dosch,Aff,29,29
Nova 42 DM,Archbishop Mitty AB,Brett Boelkens,Neg,28,28
Apple Valley LW,Diamond Bar NC,Andrew Qin,Neg,28,29
Harvard-Westlake KD,Harker GS,Gerard Grigsby,Neg,28,29
Denver East SB,St Francis MR,Dayanand Bhojak,Aff,29,29
Albuquerque AK,Marlborough WR,Arianna Nelson,Neg,29,29
Monta Vista RD,Wyoming Virtual JC,Gordon Krauss,Aff,29,29
Plano Independent RP,Cardinal Gibbons RS,Scott Brown,Aff,30,30
Harvard-Westlake NW,Nova 42 NJ,Courtney Coffman,Aff,28,28
Harvard-Westlake LD,Little Rock Central XJ,Lena Mizrahi,Aff,29,29
Amador Valley EL,Peninsula EL,Claudia Hyun,Aff,28,28
ModernBrain AK,Apple Valley KW,SunHee Simon,Neg,28,28
Isidore Newman EE,Lovejoy JV,Akshay Manglik,Neg,29,29
,Cogito IC,,Neg BYE,Neg BYE,
Harker AP,Brentwood AR,Claudia Ribera,Neg,29,29
Marlborough ML,Northland Christian LB,Forrest Fulgenzi,Neg,28,29
Peninsula CS,Immaculate Heart MF,Claudia Ribera,Aff,29,29
Amador Valley EY,Peninsula KN,,"Aff FFT																									Neg BYE","Aff FFT																									Neg BYE",
Portola AS,Nova 42 RS,Amy Santos,Aff,28,28
Harvard-Westlake MB,Nova 42 PT,Jacob Nails,Neg,28,29
Archbishop Mitty JY,Peninsula JX,Kiarash Noorizadeh,Aff,27,28
Harker AS,Ayala AM,Jack Quisenberry,Neg,29,29
Harvard-Westlake EB,Golden State MD,Gerard Grigsby,Aff,28,27
Harker KB,Sage MP,Gordon Krauss,Neg,29,29
Westwood AP,Mission San Jose SS,Bennett Dombcik,Neg,29,29
Marlborough MJ,Immaculate Heart SS,Matt Stannard,Aff,29,28
Northland Christian AH,Harvard-Westlake AW,Forrest Fulgenzi,Neg,28,29
Stanford OHS AY,Southlake Carroll PK,Joseph Barquin,Neg,29,29
Brophy TJ,Nova 42 SJ,Kwudjwa Osei,Neg,29,29
Immaculate Heart BC,Archbishop Mitty AS,,"Aff BYE																									Neg FFT","Aff BYE																									Neg FFT",
Peninsula AB,Harvard-Westlake JH,Calvin Tyler,Aff,29,29
Harker AV,Archbishop Mitty AC,Jacob Lugo,Aff,29,28
Stockdale VA,Peninsula AJ,Lisa Kahler,Aff,29,29
Honor DL,Immaculate Heart ES,Bruno Mastrodicasa,Aff,29,28
Coppell RM,Harker NA,Claudia Hyun,Neg,28,28
Harker AM,Westwood VL,Aditya Madaraju,Neg,28,28
Fairview UB,Brentwood MD,Lawrence Zhou,Neg,28,28
Amador Valley NG,Golden State SJ,Dayanand Bhojak,Neg,29,29
Archbishop Mitty AA,Canyon Crest PJ,Jennifer Lin,Aff,28,28
Evergreen Valley SV,Peninsula MG,Kristina Getty,Aff,27,26
Saratoga ES,Peninsula IY,Lisa Kahler,Aff,30,30
Westwood PM,Mission San Jose SR,Jason Yang,Neg,29,29
Immaculate Heart SP,Harvard-Westlake ADi,Diana Alvarez,Neg,28,28
Leland MN,Monta Vista YS,,"Aff BYE																									Neg BYE","Aff BYE																									Neg BYE",
American NS,Harker SS,Srividhya Venkataraman,Aff,29,30
Peninsula BD,LNU RN,Vishvak Bandi,Aff,29,28
San Mateo ZS,Harker SY,Asher Towner,Neg,28,28
Denver East MB,Marlborough HH,Jacob Nails,Neg,28,29
Peninsula SM,Lynbrook MD,Danielle Dosch,Neg,29,29
Marlborough SL,Harvard-Westlake AJ,Calvin Tyler,Aff,29,29
Mission San Jose MA,Harvard-Westlake NL,Anna Rebar,Neg,27,29
Strath Haven AM,Harker AG,Cale McCrary,Aff,30,29
Harvard-Westlake AD,Golden State NK,,"Aff BYE																									Neg BYE","Aff BYE																									Neg BYE",
Canyon Crest AK,Harker MB,Julian Kuffour,Neg,28,29
Fairview CS,Peninsula WW,Anshuman Mishra,Aff,28,28