Aff,Neg,Judges,Votes,Result
Shady Side NP,Kenston EJ,"Tiffany Dacheux																																		Jeff Swift																																		Oliver Ranner","Aff																												Aff																												Aff","3-0																															AFF"
Harrison MB,Village RB,"Dominic Henderson																																		Igor Poltinnikov																																		Alex Berry","Aff																												Aff																												Neg","2-1																															AFF"
Vestavia Hills GJ,Vestavia Hills DS,,Vestavia Hills GJ advances,Vestavia Hills GJ advances
Strake Jesuit  HZ,,,,
Strake Jesuit  ID,,,,
Strake Jesuit  RC,,,,
Strake Jesuit  JK,,,,
Cary CP,,,,