Aff,Neg,Judges,Votes,Result
Archbishop Mitty AS,Harker DS,"Anish Ramireddy																																		Saketh Kotapati																																		Arjun Garg","Neg																												Neg																												Neg","3-0																															NEG"
Monta Vista RD,Southlake Carroll PK,"Joseph Barquin																																		Nelson Okunlola																																		Gordon Krauss","Neg																												Neg																												Neg","3-0																															NEG"
Marlborough WR,Ayala AM,"Courtney Coffman																																		Matt Stannard																																		Julian Kuffour","Neg																												Neg																												Neg","3-0																															NEG"
Northland Christian LB,Peninsula RM,"Passa Pungchai																																		Nick Fleming																																		Bennett Dombcik","Aff																												Neg																												Neg","2-1																															NEG"
Little Rock Central MG,Harker RM,"Claudia Ribera																																		Derek Hilligoss																																		Cale McCrary","Neg																												Neg																												Neg","3-0																															NEG"
Orange Lutheran AZ,Strath Haven AM,"Vishvak Bandi																																		Lena Mizrahi																																		David Dosch","Aff																												Aff																												Neg","2-1																															AFF"
Sage MP,Mission San Jose SR,"Truman Le																																		Danielle Dosch																																		Vishan Chaudhary","Aff																												Aff																												Neg","2-1																															AFF"
Westwood PM,Immaculate Heart JL,"Indu Pandey																																		Emmiee Malyugina																																		Kwudjwa Osei","Aff																												Neg																												Aff","2-1																															AFF"