Aff,Neg,Judges,Votes,Result
Plano East NG,Harker DS,"Matt Moorhead																																		Andrew Halverson																																		Gabrielle Lea","Neg																												Neg																												Neg","3-0																															NEG"
Lexington BF,Lexington AK,,Lexington BF advances,Lexington BF advances
Strake Jesuit  ZD,Peninsula RM,"David Yi																																		Chris Theis																																		Andres Rosero","Aff																												Aff																												Aff","3-0																															AFF"
Strake Jesuit  JX,Southlake Carroll PK,"Alex Dumas																																		Jack Quisenberry																																		Elijah Smith","Neg																												Aff																												Neg","2-1																															NEG"
Bellarmine  AK,Strath Haven AM,"Varad Agarwala																																		Rodrigo Paramo																																		Saianurag Karavadi","Aff																												Aff																												Neg","2-1																															AFF"
Strake Jesuit  KS,Harrison AA,"Eric He																																		Dahlia Bekong																																		John Sims","Aff																												Neg																												Neg","2-1																															NEG"
Northland Christian LB,Plano East AW,"Truman Le																																		Serena Lu																																		Tarun Ratnasabapathy","Neg																												Neg																												Neg","3-0																															NEG"
Harker ASh,Sage Hill MP,"Chris Castillo																																		Felicity Park																																		David Dosch","Neg																												Neg																												Neg","3-0																															NEG"