Aff,Neg,Judges,Votes,Result
Little Rock Central MG,Orange County Arts AK,"Jonah Gentleman																																		Daniel Ciocca																																		Alex Berry","Aff																												Aff																												Neg","2-1																															AFF"
Vestavia Hills DS,Lovejoy JV,"Kassie Colón																																		Zachary Reshovsky																																		Leigh Walters","Neg																												Neg																												Neg","3-0																															NEG"
Bronx Science IP,Valor Christian LS,"Nelson Okunlola																																		Daniel Shatzkin																																		Katy Moore","Neg																												Neg																												Neg","3-0																															NEG"
Lexington AG,Durham SA,"Sanju John																																		Ian Mikkelsen																																		Ariel Story","Neg																												Aff																												Aff","2-1																															AFF"
South Eugene KS,Notre Dame San Jose AG,"Kiarra Broadnax																																		Qing Li																																		Anthony Berryhill","Neg																												Neg																												Neg","3-0																															NEG"
Bridgeland PT,Dulles VN,"Tajaih Robinson																																		Amanda Ciocca																																		J Hammons","Aff																												Aff																												Aff","3-0																															AFF"
Harrison JP,Coppell HA,"Ausha Curry																																		Becca Steiner																																		Ta-Neisha Marshall","Aff																												Aff																												Aff","3-0																															AFF"
Mercer Island KS,Harrison MB,"Caitlyn Jones																																		Austin Broussard																																		Buvana Ganesh","Neg																												Neg																												Neg","3-0																															NEG"