Aff,Neg,Judges,Votes,Result
Iowa City West Nathan Weimar,San Mateo Yesh Rao,"Chris Castillo																																		Stephen Scopa																																		Breigh Plat","Neg																												Neg																												Neg","3-0																															NEG"
Cardinal Gibbons Roberto Sosa,Princeton Independent Junkai Gong,"Sam Larson																																		Manasi Singh																																		nikita tanguturi","Aff																												Aff																												Aff","3-0																															AFF"
Princeton Independent Daniel Rohacs,Strake Jesuit  Karan Shah,"Keshav Dandu																																		Ian Matsuzeski																																		Jack Quisenberry","Neg																												Aff																												Neg","2-1																															NEG"
Lexington Arun Kodumuru,Sequoia Alyssa Sawyer,"James Stuckert																																		Grant Brown																																		Lisa Boulais","Neg																												Neg																												Aff","2-1																															NEG"
Perry Joey Antonelli,Strake Jesuit  Jet Sun,"Joseph Barquin																																		Keshav Dandu																																		Manasi Singh","Aff																												Aff																												Aff","3-0																															AFF"
Mission San Jose Saranya Singh,Lexington Archit Kumar,"Sam Anderson																																		Grant Brown																																		Ben Morbeck","Aff																												Aff																												Aff","3-0																															AFF"
Sage Max Perin,Princeton Independent Vedansh Chauhan,"James Stuckert																																		Phoenix Pittman																																		Mark Kivimaki","Aff																												Aff																												Aff","3-0																															AFF"
Ayala Adam Mimou,Strake Jesuit  Justin Wen,"Victor Chen																																		Ben Morbeck																																		Aryan Jasani","Aff																												Aff																												Neg","2-1																															AFF"
American Heritage Broward Emilin Mathew,Northland Christian Lilly Broussard,"Nethmin Liyanage																																		Wyatt Hatfield																																		Breigh Plat","Neg																												Neg																												Aff","2-1																															NEG"
Carnegie Vanguard Siddhartha Rana,American Heritage Broward Mason Cheng,"Chris Castillo																																		Rohit Lakshman																																		Tajaih Robinson","Neg																												Neg																												Aff","2-1																															NEG"
BASIS Independent Silicon Valley Independent Shreyas Kapavarapu,Harrison Jessie Pein,"Chris Theis																																		Faizaan Dossani																																		Lukas Krause","Neg																												Aff																												Aff","2-1																															AFF"
Lexington Brett Fortier,Millard North Nathan Liu,"Sam Anderson																																		Rohit Lakshman																																		Tajaih Robinson","Aff																												Aff																												Aff","3-0																															AFF"
Harrison Ali Ahmad,Lexington Jayden Bai,"Lukas Krause																																		Jack Quisenberry																																		nikita tanguturi","Aff																												Aff																												Neg","2-1																															AFF"
Saratoga Arnav Garg,Northern Valley HS Independent James Song,"Phoenix Pittman																																		Mark Kivimaki																																		Ian Matsuzeski","Neg																												Aff																												Neg","2-1																															NEG"
Harrison Annie Chen,DTHS Harun Vemulapalli,"Delon Fuller																																		Holden Bukowsky																																		Nigel Taylor-Ward","Aff																												Neg																												Neg","2-1																															NEG"
Mission San Jose Shrey Raju,Plano Independent Nathan Gong,"T.J. Maher																																		Akshay Manglik																																		Aryan Jasani","Aff																												Neg																												Neg","2-1																															NEG"