Aff,Neg,Judges,Votes,Result
Plano Independent Nathan Gong,San Mateo Yesh Rao,"Eric He																																		T.J. Maher																																		Chris Theis","Neg																												Neg																												Neg","3-0																															NEG"
DTHS Harun Vemulapalli,Cardinal Gibbons Roberto Sosa,"James Stuckert																																		Chris Castillo																																		Symone Whalin","Neg																												Neg																												Neg","3-0																															NEG"
Strake Jesuit  Karan Shah,Northern Valley HS Independent James Song,"T.J. Maher																																		Ian Matsuzeski																																		Tajaih Robinson","Aff																												Aff																												Aff","3-0																															AFF"
Harrison Ali Ahmad,Sequoia Alyssa Sawyer,"Victor Chen																																		Chris Theis																																		Jack Quisenberry","Aff																												Neg																												Aff","2-1																															AFF"
Perry Joey Antonelli,Lexington Brett Fortier,"Spencer Orlowski																																		Ian Matsuzeski																																		Tajaih Robinson","Neg																												Neg																												Neg","3-0																															NEG"
BASIS Independent Silicon Valley Independent Shreyas Kapavarapu,Mission San Jose Saranya Singh,"Patrick Fox																																		Jack Quisenberry																																		Aryan Jasani","Neg																												Aff																												Neg","2-1																															NEG"
American Heritage Broward Mason Cheng,Sage Max Perin,"James Stuckert																																		Phoenix Pittman																																		Aryan Jasani","Neg																												Neg																												Aff","2-1																															NEG"
Northland Christian Lilly Broussard,Ayala Adam Mimou,"Alex Dumas																																		Eric He																																		Wyatt Hatfield","Neg																												Neg																												Aff","2-1																															NEG"