Aff,Neg,Judge,Win,"Aff								Points","Neg								Points"
Strake Jesuit  EX,Frazer LD,Adiel García,Aff,28.9,28.7
Bronx Science JT,Hill JG,ian matuszeski,Neg,29.2,29.3
Strake Jesuit LC,Piedmont NS,Joelle Leclaire,Aff,29.0,28.0
Barrington AC,North Hollywood NV,Neville Tom,Aff,29.8,28.4
Lindale CM,City Honors JB,Brie Thomas McGinnis,Neg,29.0,29.5
Northern Valley AC,Bronx Science ZY,Joel Henson,Aff,29.7,29.4
Lincoln Southwest RM,Lincoln East BB,Victor Thoms,Aff,29.0,28.0
Strake Jesuit  MZ,West Des Moines Valley JC,Grant Laverty,Neg,28.8,28.8
Strake Jesuit  DV,Pine View PB,Jay Patel,Aff,30.0,30.0
Flintridge Prep IL,Woodlands ML,Andrew Mishkin,Aff,28.0,27.0
Strake Jesuit  AY,Harrison AG,Richard Nguyen,Neg,29.0,30.0
Bronx Science SF,Harrison PB,Jesse Nguyen,Neg,28.3,28.5
Bronx Science AG,Lincoln Northwest ES,Pranjal Verma,Aff,29.4,28.7
Hastings KM,Marian BO,Amanda Nobra,Aff,30.0,29.0
Lincoln Northwest WA,Norfolk JH,Elizabeth Nicaj,Aff,28.1,27.3
Piedmont JA,Millburn VS,Francina Yaw-Costello,Aff,29.0,28.0
Awty International CX,Lincoln East SP,Diego Arcos,Aff,29.2,28.1
Southlake Carroll IM,Millard North CB,Theo Khakoo,Aff,29.3,29.0
Southlake Carroll SK,West Des Moines Valley BD,Jack Booth,Aff,28.8,28.4
Harrison SE,Lincoln Northwest JL,Aidan Foust,Aff,28.9,28.8
Millard North LT,North Hollywood BN,Mashaylla Peterson,Aff,30.0,30.0
Awty International AZ,Harrison KI,Elena Belashchenko,Aff,30.0,29.9
OEG- Oakfast Education Group LZ,Strake Jesuit NF,Yasmin Rivera,Neg,27.5,29.5
Lincoln East BH,Strake Jesuit  SR,Will White,Neg,28.5,28.9
Bronx Science RK,Harrison JB,Britton Teply,Neg,27.5,28.5
Washington OR,West Des Moines Valley LW,Katie DeBois,Aff,28.0,27.9
Pingry SH,Lansing BY,Briajia Levi,Neg,29.3,29.4
Junipero Serra JM,Millard North PA,Dasha Smirnova,Neg,28.0,29.0
West Des Moines Valley SH,Bronx Science KS,Heather Edmunds Reed,Neg,26.0,27.0